0	22.014300998182588
1	20.323290460282585
2	18.995615754889084
3	17.92419398723773
4	17.053975222227933
5	16.34988717169748
6	15.783689604043312
7	15.33022482707202
8	14.967251291820254
9	14.675893695812144
10	14.440741682058002
11	14.24955900504817
12	14.09279748961473
13	13.963076870475884
14	13.854714777778165
15	13.763336447864031
16	13.685565317171953
17	13.618784078184929
18	13.560952817205523
19	13.510471625874654
20	13.466077117176514
21	13.426764481326671
22	13.391728665670126
23	13.360319842893587
24	13.332009557443389
25	13.306364867432503
26	13.283028491401586
27	13.26170348194746
28	13.242141326675952
29	13.22413265608868
30	13.207499944120576
31	13.192091739541404
32	13.177778079591207
33	13.164446821470769
34	13.152000690274203
35	13.140354889195606
36	13.129435153438266
37	13.119176156188548
38	13.109520195483325
39	13.100416106421195
40	13.091818355142781
41	13.083686280226967
42	13.075983454282932
43	13.068677144060395
44	13.061737851727123
45	13.055138923355837
46	13.048856213336023
47	13.042867795542252
48	13.037153713773543
49	13.031695765323077
50	13.026477312616889
51	13.021483118730963
52	13.016699203301236
53	13.012112715915388
54	13.007711824544348
55	13.003485616957086
56	12.99942401337995
57	12.995517688925045
58	12.99175800453099
59	12.988136945342161
60	12.984647065605593
61	12.981281439293424
62	12.97803361576769
63	12.97489757989607
64	12.97186771610571
65	12.968938775928777
66	12.966105848650535
67	12.963364334719587
68	12.960709921622172
69	12.958138561958425
70	12.955646453490173
71	12.95323002095685
72	12.950885899479745
73	12.948610919395518
74	12.946402092377744
75	12.94425659872094
76	12.942171775675448
77	12.94014510673344
78	12.938174211777138
79	12.936256838009513
80	12.934390851596257
81	12.932574229954861
82	12.930805054633362
83	12.929081504726994
84	12.927401850785984
85	12.925764449172512
86	12.92416773682876
87	12.922610226421616
88	12.921090501832904
89	12.919607213966884
90	12.918159076849324
91	12.916744863994925
92	12.915363405021761
93	12.914013582493475
94	12.912694328971662
95	12.911404624262225
96	12.91014349284114
97	12.90891000144609
98	12.907703256821723
99	12.906522403607262
100	12.905366622356052
101	12.904235127677646
102	12.90312716649365
103	12.902042016399323
104	12.900978984123514
105	12.899937404080202
106	12.898916637005293
107	12.897916068672957
108	12.896935108686096
109	12.89597318933606
110	12.895029764527004
111	12.89410430876071
112	12.893196316177875
113	12.89230529965235
114	12.891430789934862
115	12.89057233484316
116	12.889729498495676
117	12.888901860585946
118	12.888089015695403
119	12.88729057264208
120	12.886506153863138
121	12.885735394829169
122	12.884977943488373
123	12.884233459738862
124	12.883501614927491
125	12.882782091373548
126	12.882074581916049
127	12.881378789483174
128	12.880694426682613
129	12.880021215411675
130	12.87935888648605
131	12.87870717928616
132	12.878065841420204
133	12.877434628402927
134	12.87681330334928
135	12.876201636682179
136	12.875599405853645
137	12.875006395078543
138	12.874422395080327
139	12.873847202848154
140	12.873280621404739
141	12.872722459584455
142	12.872172531821146
143	12.871630657945095
144	12.871096662988803
145	12.870570377001036
146	12.870051634868801
147	12.869540276146825
148	12.86903614489416
149	12.86853908951763
150	12.868048962621708
151	12.867565620864585
152	12.867088924820086
153	12.866618738845222
154	12.866154930953
155	12.8656973726904
156	12.865245939021138
157	12.864800508213085
158	12.864360961730092
159	12.863927184128016
160	12.863499062954801
161	12.863076488654364
162	12.8626593544742
163	12.862247556376447
164	12.861840992952342
165	12.861439565339868
166	12.861043177144484
167	12.86065173436279
168	12.86026514530899
169	12.859883320544064
170	12.859506172807503
171	12.859133616951539
172	12.858765569877683
173	12.858401950475614
174	12.85804267956416
175	12.857687679834426
176	12.857336875794864
177	12.856990193718321
178	12.856647561590867
179	12.856308909062436
180	12.85597416739914
181	12.855643269437193
182	12.855316149538451
183	12.854992743547395
184	12.85467298874961
185	12.85435682383159
186	12.854044188841952
187	12.853735025153853
188	12.85342927542871
189	12.853126883581044
190	12.852827794744528
191	12.85253195523908
192	12.85223931253904
193	12.851949815242357
194	12.851663413040756
195	12.851380056690857
196	12.851099697986204
197	12.850822289730138
198	12.850547785709562
199	12.850276140669493
200	12.850007310288394
201	12.849741251154288
202	12.849477920741563
203	12.849217277388526
204	12.84895928027559
205	12.84870388940417
206	12.848451065576143
207	12.848200770373987
208	12.847952966141463
209	12.847707615964886
210	12.847464683654943
211	12.847224133729036
212	12.84698593139414
213	12.846750042530186
214	12.84651643367384
215	12.846285072002859
216	12.84605592532081
217	12.845828962042244
218	12.845604151178312
219	12.845381462322752
220	12.845160865638286
221	12.844942331843399
222	12.844725832199469
223	12.844511338498283
224	12.844298823049847
225	12.844088258670574
226	12.843879618671785
227	12.843672876848492
228	12.84346800746852
229	12.84326498526191
230	12.843063785410592
231	12.842864383538346
232	12.842666755701032
233	12.842470878377068
234	12.842276728458177
235	12.842084283240329
236	12.84189352041498
237	12.841704418060509
238	12.841516954633853
239	12.841331108962434
240	12.841146860236165
241	12.840964187999806
242	12.840783072145399
243	12.840603492904968
244	12.840425430843343
245	12.840248866851224
246	12.840073782138372
247	12.839900158226992
248	12.839727976945277
249	12.839557220421094
250	12.839387871075868
251	12.839219911618553
252	12.83905332503982
253	12.83888809460632
254	12.838724203855138
255	12.838561636588338
256	12.838400376867686
257	12.838240409009448
258	12.838081717579357
259	12.837924287387656
260	12.837768103484315
261	12.837613151154288
262	12.837459415912946
263	12.837306883501576
264	12.837155539883016
265	12.837005371237352
266	12.83685636395776
267	12.836708504646387
268	12.836561780110403
269	12.836416177358059
270	12.836271683594902
271	12.836128286220037
272	12.83598597282247
273	12.835844731177598
274	12.835704549243658
275	12.835565415158381
276	12.835427317235641
277	12.835290243962202
278	12.835154183994536
279	12.835019126155725
280	12.834885059432386
281	12.834751972971738
282	12.834619856078644
283	12.834488698212795
284	12.8343584889859
285	12.834229218158978
286	12.834100875639667
287	12.833973451479629
288	12.833846935871986
289	12.833721319148813
290	12.833596591778704
291	12.833472744364347
292	12.833349767640208
293	12.833227652470189
294	12.833106389845442
295	12.832985970882106
296	12.832866386819163
297	12.832747629016351
298	12.83262968895205
299	12.83251255822129
300	12.83239622853376
301	12.832280691711839
302	12.832165939688705
303	12.832051964506471
304	12.83193875831435
305	12.83182631336685
306	12.83171462202204
307	12.8316036767398
308	12.831493470080154
309	12.831383994701607
310	12.831275243359514
311	12.831167208904509
312	12.831059884280924
313	12.830953262525277
314	12.830847336764771
315	12.830742100215804
316	12.83063754618256
317	12.830533668055573
318	12.830430459310339
319	12.830327913505979
320	12.830226024283878
321	12.830124785366394
322	12.830024190555568
323	12.829924233731868
324	12.829824908852949
325	12.829726209952447
326	12.829628131138783
327	12.829530666594003
328	12.829433810572631
329	12.829337557400537
330	12.82924190147384
331	12.829146837257834
332	12.829052359285907
333	12.828958462158514
334	12.82886514054214
335	12.828772389168304
336	12.828680202832565
337	12.828588576393559
338	12.828497504772045
339	12.828406982949964
340	12.82831700596953
341	12.82822756893233
342	12.828138666998427
343	12.828050295385498
344	12.827962449367988
345	12.82787512427625
346	12.827788315495747
347	12.827702018466221
348	12.827616228680906
349	12.827530941685753
350	12.827446153078654
351	12.82736185850868
352	12.827278053675363
353	12.827194734327952
354	12.827111896264686
355	12.827029535332123
356	12.826947647424415
357	12.826866228482647
358	12.826785274494167
359	12.826704781491925
360	12.826624745553824
361	12.826545162802104
362	12.826466029402692
363	12.826387341564615
364	12.826309095539365
365	12.826231287620342
366	12.82615391414225
367	12.826076971480521
368	12.82600045605076
369	12.825924364308191
370	12.825848692747108
371	12.825773437900336
372	12.82569859633871
373	12.825624164670547
374	12.825550139541148
375	12.82547651763229
376	12.825403295661722
377	12.825330470382697
378	12.82525803858348
379	12.825185997086884
380	12.825114342749805
381	12.825043072462769
382	12.824972183149479
383	12.82490167176638
384	12.824831535302216
385	12.824761770777622
386	12.824692375244672
387	12.824623345786499
388	12.824554679516861
389	12.824486373579763
390	12.82441842514904
391	12.824350831427983
392	12.824283589648958
393	12.824216697073018
394	12.82415015098954
395	12.824083948715865
396	12.824018087596924
397	12.8239525650049
398	12.82388737833887
399	12.823822525024463
400	12.823758002513527
401	12.823693808283796
402	12.823629939838549
403	12.823566394706313
404	12.823503170440512
405	12.823440264619196
406	12.823377674844691
407	12.823315398743317
408	12.82325343396509
409	12.82319177818342
410	12.823130429094821
411	12.823069384418636
412	12.823008641896738
413	12.822948199293267
414	12.82288805439435
415	12.822828205007829
416	12.822768648963002
417	12.822709384110361
418	12.822650408321325
419	12.822591719487999
420	12.822533315522913
421	12.822475194358779
422	12.822417353948255
423	12.82235979226369
424	12.822302507296904
425	12.822245497058939
426	12.82218875957985
427	12.822132292908451
428	12.822076095112129
429	12.82202016427658
430	12.821964498505634
431	12.821909095921013
432	12.821853954662132
433	12.82179907288589
434	12.821744448766466
435	12.821690080495115
436	12.82163596627997
437	12.821582104345843
438	12.821528492934036
439	12.821475130302153
440	12.821422014723893
441	12.821369144488894
442	12.82131651790253
443	12.821264133285727
444	12.8212119889748
445	12.821160083321267
446	12.821108414691686
447	12.821056981467459
448	12.821005782044704
449	12.820954814834055
450	12.8209040782605
451	12.820853570763248
452	12.820803290795535
453	12.820753236824487
454	12.820703407330956
455	12.820653800809374
456	12.820604415767598
457	12.82055525072675
458	12.820506304221094
459	12.820457574797869
460	12.820409061017154
461	12.820360761451726
462	12.82031267468692
463	12.8202647993205
464	12.820217133962496
465	12.820169677235112
466	12.820122427772555
467	12.820075384220921
468	12.820028545238063
469	12.81998190949348
470	12.819935475668158
471	12.81988924245447
472	12.819843208556057
473	12.819797372687685
474	12.819751733575147
475	12.81970628995514
476	12.819661040575138
477	12.819615984193293
478	12.8195711195783
479	12.819526445509318
480	12.81948196077583
481	12.819437664177546
482	12.81939355452429
483	12.8193496306359
484	12.819305891342127
485	12.819262335482515
486	12.819218961906316
487	12.819175769472379
488	12.819132757049044
489	12.819089923514067
490	12.819047267754497
491	12.819004788666595
492	12.818962485155732
493	12.8189203561363
494	12.818878400531611
495	12.818836617273824
496	12.818795005303828
497	12.818753563571175
498	12.818712291033979
499	12.818671186658843
500	12.81863024942075
501	12.818589478303005
502	12.818548872297125
503	12.81850843040278
504	12.818468151627687
505	12.818428034987559
506	12.818388079505988
507	12.8183482842144
508	12.81830864815196
509	12.81826917036549
510	12.818229849909413
511	12.818190685845646
512	12.818151677243566
513	12.818112823179906
514	12.818074122738683
515	12.818035575011143
516	12.81799717909568
517	12.817958934097774
518	12.8179208391299
519	12.817882893311486
520	12.817845095768833
521	12.81780744563504
522	12.817769942049964
523	12.817732584160115
524	12.817695371118633
525	12.817658302085194
526	12.817621376225965
527	12.817584592713526
528	12.81754795072683
529	12.817511449451112
530	12.817475088077858
531	12.817438865804728
532	12.817402781835504
533	12.817366835380028
534	12.81733102565415
535	12.817295351879666
536	12.817259813284258
537	12.817224409101447
538	12.817189138570543
539	12.817154000936567
540	12.817118995450226
541	12.81708412136784
542	12.817049377951294
543	12.81701476446799
544	12.816980280190796
545	12.81694592439799
546	12.81691169637321
547	12.816877595405415
548	12.816843620788815
549	12.81680977182285
550	12.81677604781211
551	12.816742448066321
552	12.816708971900269
553	12.816675618633774
554	12.816642387591633
555	12.816609278103572
556	12.816576289504216
557	12.816543421133028
558	12.816510672334278
559	12.816478042456986
560	12.816445530854892
561	12.816413136886409
562	12.816380859914574
563	12.816348699307015
564	12.81631665443591
565	12.816284724677937
566	12.816252909414244
567	12.816221208030404
568	12.816189619916376
569	12.816158144466469
570	12.816126781079292
571	12.816095529157733
572	12.816064388108913
573	12.816033357344143
574	12.816002436278891
575	12.81597162433276
576	12.81594092092942
577	12.815910325496597
578	12.815879837466044
579	12.815849456273472
580	12.815819181358545
581	12.815789012164844
582	12.815758948139814
583	12.81572898873475
584	12.815699133404747
585	12.815669381608691
586	12.815639732809192
587	12.815610186472584
588	12.815580742068878
589	12.81555139907173
590	12.815522156958409
591	12.815493015209773
592	12.815463973310237
593	12.815435030747734
594	12.81540618701369
595	12.815377441603
596	12.81534879401399
597	12.815320243748399
598	12.815291790311333
599	12.815263433211253
600	12.815235171959934
601	12.815207006072447
602	12.815178935067125
603	12.81515095846554
604	12.815123075792478
605	12.81509528657589
606	12.815067590346908
607	12.815039986639777
608	12.815012474991853
609	12.814985054943566
610	12.8149577260384
611	12.814930487822865
612	12.81490333984648
613	12.81487628166173
614	12.81484931282406
615	12.814822432891848
616	12.814795641426365
617	12.81476893799177
618	12.81474232215508
619	12.814715793486139
620	12.814689351557613
621	12.81466299594494
622	12.814636726226336
623	12.814610541982757
624	12.814584442797871
625	12.814558428258055
626	12.81453249795236
627	12.814506651472483
628	12.814480888412765
629	12.814455208370156
630	12.814429610944197
631	12.814404095736997
632	12.814378662353215
633	12.814353310400048
634	12.814328039487187
635	12.814302849226827
636	12.814277739233626
637	12.814252709124688
638	12.814227758519557
639	12.814202887040182
640	12.8141780943109
641	12.814153379958432
642	12.814128743611846
643	12.814104184902547
644	12.81407970346426
645	12.814055298933008
646	12.814030970947096
647	12.814006719147088
648	12.8139825431758
649	12.81395844267828
650	12.813934417301775
651	12.813910466695734
652	12.813886590511782
653	12.813862788403704
654	12.813839060027426
655	12.813815405041005
656	12.813791823104605
657	12.813768313880484
658	12.81374487703298
659	12.813721512228492
660	12.813698219135464
661	12.813674997424375
662	12.813651846767714
663	12.81362876683997
664	12.813605757317623
665	12.813582817879112
666	12.813559948204839
667	12.813537147977145
668	12.813514416880288
669	12.813491754600449
670	12.81346916082569
671	12.813446635245967
672	12.813424177553099
673	12.813401787440759
674	12.813379464604456
675	12.813357208741529
676	12.813335019551127
677	12.813312896734205
678	12.813290839993487
679	12.813268849033484
680	12.81324692356046
681	12.813225063282422
682	12.813203267909113
683	12.813181537152
684	12.813159870724245
685	12.813138268340719
686	12.813116729717962
687	12.813095254574195
688	12.813073842629287
689	12.813052493604754
690	12.813031207223757
691	12.81300998321106
692	12.812988821293049
693	12.812967721197698
694	12.81294668265458
695	12.81292570539483
696	12.812904789151155
697	12.81288393365781
698	12.812863138650583
699	12.812842403866807
700	12.81282172904532
701	12.81280111392647
702	12.81278055825211
703	12.812760061765564
704	12.81273962421165
705	12.812719245336632
706	12.812698924888236
707	12.81267866261563
708	12.812658458269421
709	12.812638311601633
710	12.812618222365698
711	12.812598190316466
712	12.812578215210168
713	12.812558296804418
714	12.812538434858208
715	12.812518629131896
716	12.812498879387183
717	12.812479185387126
718	12.812459546896108
719	12.812439963679846
720	12.812420435505365
721	12.812400962140998
722	12.812381543356388
723	12.812362178922445
724	12.812342868611381
725	12.81232361219666
726	12.812304409453025
727	12.81228526015646
728	12.812266164084193
729	12.812247121014702
730	12.812228130727673
731	12.812209193004026
732	12.812190307625885
733	12.812171474376578
734	12.812152693040622
735	12.812133963403724
736	12.812115285252771
737	12.812096658375813
738	12.812078082562065
739	12.812059557601899
740	12.812041083286823
741	12.812022659409491
742	12.812004285763686
743	12.811985962144306
744	12.811967688347373
745	12.811949464170011
746	12.811931289410447
747	12.811913163867997
748	12.811895087343062
749	12.811877059637126
750	12.811859080552729
751	12.811841149893494
752	12.811823267464083
753	12.81180543307022
754	12.811787646518656
755	12.81176990761719
756	12.811752216174645
757	12.81173457200086
758	12.811716974906696
759	12.811699424704019
760	12.811681921205686
761	12.811664464225561
762	12.811647053578497
763	12.811629689080316
764	12.811612370547822
765	12.811595097798786
766	12.81157787065194
767	12.81156068892697
768	12.811543552444515
769	12.811526461026157
770	12.811509414494408
771	12.811492412672715
772	12.811475455385455
773	12.811458542457911
774	12.81144167371629
775	12.811424848987699
776	12.811408068100146
777	12.811391330882538
778	12.811374637164663
779	12.8113579867772
780	12.811341379551703
781	12.811324815320596
782	12.811308293917168
783	12.811291815175576
784	12.811275378930821
785	12.811258985018762
786	12.8112426332761
787	12.811226323540367
788	12.811210055649946
789	12.811193829444031
790	12.81117764476264
791	12.81116150144662
792	12.811145399337624
793	12.811129338278102
794	12.811113318111321
795	12.811097338681343
796	12.811081399833006
797	12.811065501411953
798	12.8110496432646
799	12.811033825238141
800	12.811018047180541
801	12.81100230894054
802	12.810986610367623
803	12.810970951312045
804	12.81095533162482
805	12.81093975115769
806	12.810924209763156
807	12.810908707294455
808	12.810893243605554
809	12.810877818551146
810	12.810862431986662
811	12.81084708376824
812	12.810831773752739
813	12.810816501797735
814	12.810801267761498
815	12.810786071503012
816	12.810770912881953
817	12.810755791758696
818	12.810740707994299
819	12.810725661450508
820	12.81071065198976
821	12.810695679475154
822	12.810680743770465
823	12.810665844740145
824	12.810650982249298
825	12.810636156163703
826	12.810621366349789
827	12.810606612674633
828	12.81059189500596
829	12.810577213212152
830	12.81056256716222
831	12.810547956725815
832	12.81053338177322
833	12.810518842175348
834	12.81050433780374
835	12.810489868530553
836	12.810475434228566
837	12.810461034771167
838	12.810446670032363
839	12.81043233988676
840	12.810418044209566
841	12.810403782876595
842	12.810389555764251
843	12.810375362749536
844	12.810361203710036
845	12.810347078523918
846	12.810332987069941
847	12.810318929227439
848	12.810304904876313
849	12.810290913897044
850	12.810276956170675
851	12.810263031578822
852	12.810249140003656
853	12.810235281327898
854	12.810221455434844
855	12.81020766220832
856	12.810193901532715
857	12.810180173292954
858	12.81016647737451
859	12.81015281366339
860	12.810139182046138
861	12.810125582409828
862	12.810112014642066
863	12.810098478630982
864	12.810084974265234
865	12.81007150143399
866	12.810058060026943
867	12.810044649934296
868	12.810031271046766
869	12.810017923255572
870	12.810004606452443
871	12.80999132052961
872	12.8099780653798
873	12.809964840896237
874	12.80995164697264
875	12.80993848350322
876	12.809925350382668
877	12.809912247506169
878	12.809899174769384
879	12.809886132068456
880	12.809873119300002
881	12.809860136361117
882	12.809847183149362
883	12.809834259562773
884	12.809821365499841
885	12.809808500859535
886	12.809795665541271
887	12.809782859444928
888	12.809770082470841
889	12.809757334519801
890	12.809744615493036
891	12.809731925292237
892	12.809719263819531
893	12.809706630977493
894	12.809694026669131
895	12.809681450797893
896	12.809668903267667
897	12.80965638398277
898	12.80964389284795
899	12.809631429768375
900	12.80961899464965
901	12.809606587397797
902	12.809594207919261
903	12.809581856120905
904	12.80956953191
905	12.809557235194246
906	12.80954496588174
907	12.809532723880995
908	12.809520509100928
909	12.809508321450865
910	12.80949616084053
911	12.809484027180046
912	12.809471920379934
913	12.80945984035112
914	12.809447787004908
915	12.809435760253004
916	12.809423760007503
917	12.80941178618088
918	12.809399838685996
919	12.809387917436105
920	12.80937602234483
921	12.809364153326177
922	12.809352310294528
923	12.809340493164637
924	12.80932870185164
925	12.809316936271028
926	12.809305196338675
927	12.809293481970807
928	12.80928179308403
929	12.809270129595301
930	12.809258491421941
931	12.809246878481627
932	12.809235290692396
933	12.809223727972638
934	12.809212190241096
935	12.809200677416866
936	12.809189189419383
937	12.809177726168445
938	12.809166287584182
939	12.80915487358707
940	12.809143484097932
941	12.809132119037924
942	12.809120778328541
943	12.80910946189162
944	12.80909816964932
945	12.809086901524148
946	12.809075657438926
947	12.809064437316819
948	12.809053241081303
949	12.809042068656195
950	12.809030919965629
951	12.809019794934066
952	12.809008693486271
953	12.808997615547348
954	12.808986561042703
955	12.808975529898065
956	12.80896452203947
957	12.808953537393279
958	12.80894257588615
959	12.80893163744505
960	12.80892072199726
961	12.808909829470366
962	12.808898959792254
963	12.808888112891106
964	12.808877288695419
965	12.808866487133978
966	12.808855708135866
967	12.808844951630471
968	12.808834217547465
969	12.808823505816823
970	12.808812816368796
971	12.808802149133937
972	12.808791504043093
973	12.808780881027376
974	12.808770280018203
975	12.808759700947267
976	12.808749143746546
977	12.808738608348294
978	12.808728094685048
979	12.80871760268963
980	12.80870713229512
981	12.808696683434894
982	12.808686256042586
983	12.80867585005211
984	12.808665465397652
985	12.808655102013663
986	12.808644759834863
987	12.808634438796243
988	12.808624138833055
989	12.808613859880815
990	12.808603601875307
991	12.808593364752571
992	12.808583148448907
993	12.808572952900876
994	12.808562778045296
995	12.808552623819244
996	12.808542490160042
997	12.808532377005282
998	12.80852228429279
999	12.808512211960657
1000	12.808502159947219
