0	-1.2476649250079022
1	-1.250809307901863
2	-1.2950314711580877
3	-1.2945286589320864
4	-1.509380932904548
5	-1.5112611013725317
6	-1.3001430157914198
7	-1.3037933122510652
8	-1.538184207694478
9	-1.536253389767382
10	-1.506881326593545
11	-1.5087887331260854
12	-1.7593910436480957
13	-1.7629706955187752
14	-1.8599333381169805
15	-1.8587871531192406
16	-2.273042683169184
17	-2.2738289895073125
18	-1.856200784831623
19	-1.8547324040978843
20	-2.4941992132942152
21	-2.49213253321343
22	-2.0799899402949977
23	-2.0763946506427025
24	-2.190616365376446
25	-2.1869864758001967
26	-2.4818077755903425
27	-2.4722390515772714
28	-2.7189123022060806
29	-2.7095324287292137
30	-2.513849044107129
31	-2.510762993351466
32	-2.645166018331029
33	-2.634843552917193
34	-2.492709921319346
35	-2.4839669710919026
36	-2.7327674733714504
37	-2.721338147483447
38	-2.862097453630894
39	-2.8518419295822106
40	-3.06636376626172
41	-3.0586765417235053
42	-2.8712018009180458
43	-2.858225293243204
44	-3.3245526276132003
45	-3.292044374220028
46	-3.2706969900631337
47	-3.257529561483857
48	-3.221420023009073
49	-3.20984735340864
50	-3.496379124255962
51	-3.4802874646078896
52	-3.7429855471077866
53	-3.7314426790183814
54	-3.8613429116008064
55	-3.844876733255046
56	-3.672210927842182
57	-3.663958100829784
58	-3.595389137387181
59	-3.5865545366950617
60	-3.844510977097172
61	-3.830822771598101
62	-3.2145597437612747
63	-3.2082162779768146
64	-3.787972387526575
65	-3.779717473012062
66	-3.861993811448294
67	-3.849886328326663
68	-4.095964046323375
69	-4.088999065709698
70	-3.8486364311383356
71	-3.843491259027426
72	-3.817792525868453
73	-3.804838973312605
74	-4.119552289903691
75	-4.10913813158131
76	-3.729154216899989
77	-3.7259280742551835
78	-3.868598141250097
79	-3.863444795003689
80	-3.6896627113627245
81	-3.687390042260742
82	-4.075446265322794
83	-4.057570573469384
84	-3.748787253483267
85	-3.7319003122645626
86	-3.9530534198234744
87	-3.943116341201553
88	-3.7527408774548543
89	-3.7482675489236903
90	-3.86616254645398
91	-3.8603278253702222
92	-3.8819732837456105
93	-3.8759616939472212
94	-3.995340021381847
95	-3.991559312434209
96	-3.7663261920537217
97	-3.7588953575606703
98	-3.7002702349168572
99	-3.695531295927953
100	-3.7067826973675326
101	-3.6854975311250757
102	-3.7244595438715518
103	-3.7194402900190915
104	-3.6659292539352544
105	-3.6613863565427964
106	-3.966860575507056
107	-3.962819124333391
108	-3.7990786513274557
109	-3.792571550211813
110	-3.6961434287906907
111	-3.689699322160176
112	-3.7034940132773
113	-3.6970807461666615
114	-4.033207026915275
115	-4.025124591920584
116	-3.8408735510209993
117	-3.834787414049762
118	-3.755169340193026
119	-3.7489432728930603
120	-3.7308148398097223
121	-3.7146614120334376
122	-3.7352395928394744
123	-3.7324527093656386
124	-3.8171374400558777
125	-3.812101437787238
126	-3.794942855694758
127	-3.783746762348372
128	-4.04887314549179
129	-4.034386857683266
130	-3.9436343153410567
131	-3.937580914662337
132	-4.050774134386104
133	-4.045321548985298
134	-3.7346628542568583
135	-3.7289592778214953
136	-3.928018893037828
137	-3.9241896972250188
138	-3.869571294532611
139	-3.8674657490844107
140	-3.7226887193689375
141	-3.720118585684216
142	-3.699589322942025
143	-3.6990542883458164
144	-3.9235827439181508
145	-3.914685265855035
146	-3.8923508125733424
147	-3.8895256876337325
148	-3.8608466437912026
149	-3.855516345470484
150	-4.077027454497109
151	-4.07110852612628
152	-3.652618043993612
153	-3.6458058532284743
154	-3.7167420389274266
155	-3.6997693940045377
156	-3.8786734270702494
157	-3.8709875072998847
158	-3.6030631366273655
159	-3.6016066281344408
160	-4.138202437767248
161	-4.126112605488676
162	-3.7517104889747372
163	-3.745866464628396
164	-3.8506955688574824
165	-3.840298740155158
166	-4.199737941367976
167	-4.195964045959872
168	-4.076862291831301
169	-4.068944567560145
170	-4.122157205007132
171	-4.116824508805857
172	-3.9846877498182263
173	-3.978767985686738
174	-4.135957938703627
175	-4.124938041972245
176	-3.942179345057198
177	-3.9357299101054357
178	-3.6961280609897313
179	-3.6903097238771294
180	-3.802382516589184
181	-3.7925658257538135
182	-3.8859113873302102
183	-3.880565823101797
184	-4.012767758182636
185	-4.009572506307783
186	-3.935086920717416
187	-3.9268919371235125
188	-3.7672600857457446
189	-3.7652378654375083
190	-3.6591574817982786
191	-3.647835398004758
192	-3.6768739550074243
193	-3.675094470699016
194	-3.8669807920724875
195	-3.8576990058511083
196	-3.8790142910008916
197	-3.8724183310465987
198	-3.9861456182647674
199	-3.975291991240887
200	-3.782947287270628
201	-3.778894390933903
202	-3.645337811446035
203	-3.638476308293852
204	-3.847103856624702
205	-3.8450492902902025
206	-3.671796649635995
207	-3.660243907045505
208	-3.854053151093395
209	-3.8428607852931913
210	-3.706626548047231
211	-3.6984233096928065
212	-4.031052463680001
213	-4.023592612199146
214	-4.060329944986615
215	-4.058158259386314
216	-4.092186667888084
217	-4.088918764573026
218	-3.6597718297163477
219	-3.6506070313283736
220	-3.9364771008193697
221	-3.9255216496836476
222	-3.5209011957693686
223	-3.519832327787634
224	-3.7929270891733773
225	-3.7830278504285038
226	-4.062399084832566
227	-4.0569024903729085
228	-3.917978402790112
229	-3.912085452699389
230	-3.7515971985914276
231	-3.7421164296263045
232	-3.7424915417386884
233	-3.738575905471212
234	-3.9456198326753418
235	-3.9404762149752317
236	-3.8389848008213057
237	-3.8292991662381057
238	-4.234786546710771
239	-4.226283142525166
240	-3.8132165058586045
241	-3.8094167176798255
242	-3.8418271159732535
243	-3.8382697824678127
244	-3.8468606621888815
245	-3.841663025323672
246	-4.047658110983285
247	-4.045506398521834
248	-3.968800153422005
249	-3.966899785325588
250	-4.057730948966519
251	-4.048682730784696
252	-4.065408114412363
253	-4.051505681552954
254	-4.242131921921161
255	-4.231607164017972
256	-3.8419031627813944
257	-3.8383571321459744
258	-3.816626237602572
259	-3.812992584330232
260	-3.976511037519281
261	-3.973310799087156
262	-3.943245939283152
263	-3.9281132000790957
264	-3.8141343601229063
265	-3.81145308034729
266	-3.983110990487801
267	-3.974723756810842
268	-3.6097460477891383
269	-3.605947783731697
270	-4.0810511937961715
271	-4.061613093418191
272	-4.159008983958266
273	-4.146408231341247
274	-4.046805311970747
275	-4.0409835909019405
276	-3.811200697750789
277	-3.8020611560421003
278	-3.9524514014223726
279	-3.9445998169663308
280	-3.8065275278709163
281	-3.803060171185744
282	-4.114140257446406
283	-4.104031957589279
284	-3.775575160157405
285	-3.7740793786403377
286	-3.8739110155114087
287	-3.8656401962891342
288	-3.870877767897973
289	-3.8671082718563627
290	-3.9621351609585016
291	-3.953422034936062
292	-3.9769654311291247
293	-3.972498963566339
294	-3.838497136356324
295	-3.8342109491981877
296	-3.7711162323705527
297	-3.7572102249556565
298	-3.6998675437344706
299	-3.6978811986145352
300	-4.042162438816461
301	-4.035357646135407
302	-3.6513924628889916
303	-3.647039658695256
304	-3.9982018292719563
305	-3.9957209941988294
306	-3.9636377921501724
307	-3.9484136643707615
308	-3.754978333009837
309	-3.750599619938936
310	-3.7521864930704076
311	-3.7478467062321075
312	-3.5295916416822273
313	-3.526061147916264
314	-3.8138842129136914
315	-3.8074342364171923
316	-3.9356963179781204
317	-3.924444390554001
318	-4.273956153948139
319	-4.271771875895484
320	-4.101059610407705
321	-4.0977656620014615
322	-3.8124760774897126
323	-3.8032125054760315
324	-3.7539265395719372
325	-3.749276755843133
326	-4.071260939638363
327	-4.062710448065941
328	-3.8922322503238713
329	-3.8862853532600106
330	-3.6790643816630206
331	-3.6588775363104733
332	-3.277792447996246
333	-3.276269006377894
334	-3.705994331016114
335	-3.6948894254896993
336	-3.8666306505057175
337	-3.8624852376743766
338	-3.96288584699546
339	-3.9540934653212014
340	-3.687316035445706
341	-3.6833947699005805
342	-4.094090756723573
343	-4.084899015098627
344	-3.8916262265567423
345	-3.878100641296738
346	-3.842376958449124
347	-3.8362115796600706
348	-3.951168962826845
349	-3.9396280631482425
350	-3.9247798231367446
351	-3.919314490101546
352	-3.843732729865228
353	-3.839201792166725
354	-3.8081816149419208
355	-3.795711904448144
356	-3.7552949694518736
357	-3.749634167193058
358	-3.812584795922106
359	-3.8092953318562937
360	-3.632875266624179
361	-3.6297192451363136
362	-4.147852249982676
363	-4.13296527315166
364	-4.039861494151439
365	-4.031814794373622
366	-4.196897160353045
367	-4.192239157131457
368	-3.777714535877722
369	-3.775656184623749
370	-3.8311420559069047
371	-3.826380541618349
372	-4.173337954796844
373	-4.164159540200709
374	-3.668879090335542
375	-3.663695555326876
376	-3.8491851207848624
377	-3.84123674737575
378	-3.942527914314417
379	-3.9332868136265406
380	-4.145626591639454
381	-4.137740329104461
382	-4.130751572176092
383	-4.120563759934978
384	-3.719193468235437
385	-3.7126041407294426
386	-3.754602938406997
387	-3.7503911157408054
388	-3.7997997250695206
389	-3.794778054402156
390	-3.9449785241025515
391	-3.935282055099088
392	-3.860671642903114
393	-3.8567012000143337
394	-3.7850936407012306
395	-3.77577756831288
396	-3.86541317382138
397	-3.8605332780864328
398	-4.1180106780814
399	-4.10541793492485
400	-3.8809789999220503
401	-3.8735871899958068
402	-3.8966008121768447
403	-3.890024996502871
404	-4.060298707291584
405	-4.048820001433861
406	-4.462719431419454
407	-4.455135058350816
408	-3.7681462883680714
409	-3.7653125580797333
410	-3.8065914521897937
411	-3.7908308199317027
412	-3.78638624205636
413	-3.7821381707133663
414	-3.9279893246307482
415	-3.916532079184128
416	-3.889546785904217
417	-3.880350318128711
418	-3.8624561465898566
419	-3.854272985453537
420	-4.301836709135664
421	-4.297940082887812
422	-3.8890421637645045
423	-3.882105726926803
424	-3.9684982413347307
425	-3.9657500513328756
426	-3.752346814660653
427	-3.749038941043975
428	-4.074701264998054
429	-4.064932518096713
430	-3.8396585843981828
431	-3.8351706296551726
432	-4.122385825498612
433	-4.1180629592766875
434	-3.785435424120562
435	-3.774066692851086
436	-3.991047898140586
437	-3.986566200692806
438	-3.835503122906942
439	-3.8251193925615645
440	-3.942207309102686
441	-3.934708155354593
442	-4.003918303907858
443	-3.9973016702195223
444	-3.8884185965767797
445	-3.8709907026813677
446	-3.9658993467072605
447	-3.958161988341919
448	-3.8047490542966806
449	-3.792177169044008
450	-3.9517744016019374
451	-3.942608742581206
452	-3.961663864414859
453	-3.955802695858517
454	-3.5473094819932562
455	-3.5388251519755465
456	-4.190959825997887
457	-4.184591273978549
458	-4.119783909022223
459	-4.108611599850703
460	-4.009092189981124
461	-4.003082226679204
462	-4.1456189315032645
463	-4.13669987214409
464	-3.8811122124720616
465	-3.8747290100400362
466	-3.8098781999714926
467	-3.7963192500347054
468	-4.141334752684899
469	-4.134091576631705
470	-3.8753706613890064
471	-3.86874177127697
472	-4.1120921539140065
473	-4.108074330155077
474	-4.079512380109318
475	-4.071446818775774
476	-3.929015378610563
477	-3.924121874069965
478	-3.9518400986940887
479	-3.9444940324112996
480	-3.859544551298242
481	-3.8555327106516506
482	-3.983909373139915
483	-3.979841115161416
484	-3.8737529232708443
485	-3.8619995767185835
486	-3.749221555572698
487	-3.746392068022392
488	-3.742013753887935
489	-3.7345585257338745
490	-3.461030990826305
491	-3.4579625421419316
492	-3.7777593019094446
493	-3.769541010021623
494	-4.172142768253097
495	-4.1604705859431395
496	-3.7631773587511677
497	-3.756247922339256
498	-4.022274171353788
499	-4.012190824041108
500	-4.090574421169619
501	-4.084620730623385
502	-4.110723570371546
503	-4.100853779803036
504	-4.041347636280279
505	-4.035831487730896
506	-4.232747261166103
507	-4.228599649176133
508	-4.05073058659366
509	-4.045037591852165
510	-4.098603880208571
511	-4.089312415655875
512	-3.8989112897839893
513	-3.896504966946243
514	-4.02081206140961
515	-4.0134272539012805
516	-4.009003711692743
517	-4.004547534471846
518	-3.733976585236996
519	-3.726647556337706
520	-4.158820022982939
521	-4.151571371493256
522	-3.880269429279775
523	-3.8744062459109676
524	-4.02345324004723
525	-4.017674125246042
526	-3.9069667237539565
527	-3.89857907418689
528	-4.25002528556398
529	-4.243317501417842
530	-3.9255640098702433
531	-3.9238002576255844
532	-4.151100337970999
533	-4.145062085866472
534	-4.015250980968069
535	-4.004028012031293
536	-3.8514952395780586
537	-3.8460375711890316
538	-3.975492087749392
539	-3.9673194476175913
540	-4.190995047384883
541	-4.18528211255546
542	-4.272971011931763
543	-4.244553257813557
544	-4.153716520831682
545	-4.152451280320713
546	-3.9895299828079596
547	-3.985976324200679
548	-3.8947380580188007
549	-3.873087804398557
550	-3.9680812826838334
551	-3.9614779537391964
552	-3.9138624214007627
553	-3.909500748244014
554	-3.9044338108458287
555	-3.9009907083222637
556	-3.762818488259343
557	-3.7596531862728457
558	-4.176917223442917
559	-4.167066478225612
560	-4.24271157058254
561	-4.232745960292453
562	-3.744766588036849
563	-3.739677086604577
564	-3.954545082741759
565	-3.9532347330235145
566	-3.7648054103430795
567	-3.749517785912193
568	-3.8797780408319875
569	-3.872147762536335
570	-3.84698680136428
571	-3.842503203657534
572	-4.03212493675651
573	-4.024555930918205
574	-3.8734505230421616
575	-3.866216305000901
576	-4.081744094334424
577	-4.073881195072427
578	-3.9477710601964633
579	-3.945073278114125
580	-4.280364567396464
581	-4.277051220245278
582	-3.664425006451109
583	-3.658404325779957
584	-3.8510051451624463
585	-3.843326690212367
586	-3.9573613356305977
587	-3.9363752024568526
588	-4.118259915770748
589	-4.116186778830352
590	-4.055894634197057
591	-4.048725659918441
592	-3.9445008187292996
593	-3.931177332887285
594	-3.9245011529443805
595	-3.9205370623894793
596	-3.893516088237793
597	-3.888038228132947
598	-4.330756016145329
599	-4.32658955559853
600	-4.066964801406569
601	-4.064957373458512
602	-4.115946606577545
603	-4.102623402941014
604	-3.9020132269943413
605	-3.897132341524173
606	-3.8031980596509016
607	-3.7927384384114275
608	-3.93484333123673
609	-3.9314617427674508
610	-4.030517202796004
611	-4.023519231720693
612	-3.8893771348474484
613	-3.880002040250421
614	-4.006863359786001
615	-4.004963771649385
616	-3.935614175640142
617	-3.927435093944837
618	-4.137557822915327
619	-4.125235972102692
620	-4.00720067004395
621	-4.003602861934706
622	-3.8986858031904967
623	-3.891954750049856
624	-3.98846595095305
625	-3.9829145594345845
626	-3.8189458801675973
627	-3.799861173547546
628	-3.8626784372103935
629	-3.8511802183531776
630	-4.044260988877794
631	-4.035412194180503
632	-3.9827685169464253
633	-3.9815217091919397
634	-3.862576837295313
635	-3.8502108335950336
636	-4.230535336494446
637	-4.226526201975561
638	-3.9840205437495615
639	-3.974409317569329
640	-3.895845462469799
641	-3.890479696304437
642	-3.896892435219354
643	-3.881796597719061
644	-3.7754485334315833
645	-3.7675256830476576
646	-4.184609696441802
647	-4.178873436514216
648	-3.970307857710054
649	-3.961854784305099
650	-3.915328051176309
651	-3.911466570421851
652	-3.9718210533775005
653	-3.9613657159897717
654	-4.2259299629468074
655	-4.22067201094772
656	-3.845910848739923
657	-3.8246491935745857
658	-4.206802493005072
659	-4.20441361695551
660	-4.2516762292718475
661	-4.249232767152687
662	-4.198090843779472
663	-4.191388531850088
664	-4.0592146568136
665	-4.055156716619022
666	-4.0390483630119505
667	-4.0304054444930975
668	-3.8243669350170997
669	-3.812852717579852
670	-4.152264927685113
671	-4.145628827260298
672	-4.142691630984456
673	-4.135715326499385
674	-4.122413968232617
675	-4.1173765826145186
676	-4.130593393980528
677	-4.117845163624006
678	-4.041591153644269
679	-4.038430883169624
680	-4.069266722407031
681	-4.067521289739749
682	-3.893546024688692
683	-3.8813793348958403
684	-3.7643256606831224
685	-3.759452072781118
686	-3.805407328894863
687	-3.798114808761664
688	-4.2669992475400775
689	-4.260043141612303
690	-4.120164131471221
691	-4.0939455346669575
692	-4.016577793314603
693	-4.015926691770394
694	-3.7738681750660126
695	-3.766068535932183
696	-4.103541286336778
697	-4.1015698085101615
698	-4.10257723659588
699	-4.099090926938941
700	-4.061393519565565
701	-4.054529496901536
702	-4.0038130130955425
703	-4.001185390129366
704	-3.9579705471470965
705	-3.9504322936653713
706	-4.210918026910037
707	-4.20787458092115
708	-3.725501730836108
709	-3.719432751429691
710	-4.292670786258101
711	-4.283683483991383
712	-3.6914305018980498
713	-3.6748792482744626
714	-4.1521172114839775
715	-4.147378744662135
716	-3.8778928314840044
717	-3.8731391116479608
718	-3.878037858093069
719	-3.867664609501131
720	-3.9870590228692264
721	-3.985401933584153
722	-4.227932375146203
723	-4.218911037252757
724	-3.8008705170147254
725	-3.7975059833109586
726	-3.779144260295169
727	-3.775000951618167
728	-4.238603446463311
729	-4.216687459119374
730	-4.064196244366374
731	-4.06114758194007
732	-3.8304644142053306
733	-3.8198872980229566
734	-4.048485645283007
735	-4.0357213866867045
736	-4.244233171262041
737	-4.23390962821985
738	-4.00001581472217
739	-3.9944654672379682
740	-4.194332098862029
741	-4.185576190767092
742	-3.8752404953947575
743	-3.8595637862322527
744	-3.5799684837084698
745	-3.5707882623298066
746	-4.152541874277425
747	-4.145905816173758
748	-3.9761393771465676
749	-3.9710837882907537
750	-3.8434087342261773
751	-3.8341616770086677
752	-3.9340190357425606
753	-3.926663601616947
754	-3.9963449974154526
755	-3.9864434844820904
756	-3.9644544620580473
757	-3.9629161527089436
758	-4.288528920762285
759	-4.281026788194587
760	-4.168782494248727
761	-4.150598159986248
762	-3.946588891503135
763	-3.9424221946685227
764	-3.89238641976377
765	-3.888981399422282
766	-4.027034162558734
767	-4.019630504184967
768	-3.9083298398161133
769	-3.9044000705046544
770	-4.076898566060977
771	-4.069803575178784
772	-4.15990670999794
773	-4.154698275492214
774	-4.167084844473847
775	-4.162597364733093
776	-3.8920780555395083
777	-3.885957307224808
778	-3.7180057185394944
779	-3.710185506384504
780	-3.9083750017562826
781	-3.902534841766696
782	-4.20838596964379
783	-4.204354674119568
784	-4.158806831920546
785	-4.149212815205302
786	-4.063942151550885
787	-4.051823643723295
788	-3.8959208217672026
789	-3.8883689747843397
790	-4.230921409753855
791	-4.217864980922094
792	-4.095488714345239
793	-4.084627215333626
794	-3.936761011088575
795	-3.931193254454689
796	-4.155102893392213
797	-4.145895021566547
798	-4.150861577221654
799	-4.141157371984728
800	-3.9662973099576577
801	-3.9565712072696035
802	-4.173182916463747
803	-4.167301849183708
804	-4.094449995623902
805	-4.082228865934043
806	-3.7312273026352076
807	-3.7282440751910917
808	-3.999834901640803
809	-3.992233303222095
810	-4.0098535380066345
811	-4.004919676686046
812	-4.124749745949124
813	-4.119120805416079
814	-3.9453181002558564
815	-3.9379679794671785
816	-4.265323007464142
817	-4.2589388667392125
818	-4.019305411614968
819	-4.0143570688989305
820	-4.050449921993076
821	-4.04048239556296
822	-4.219620326036009
823	-4.209847752165506
824	-4.177097689229811
825	-4.156662468652101
826	-4.0209792660654395
827	-4.011587866425058
828	-4.535612730767919
829	-4.527638241132713
830	-4.151143755247394
831	-4.142931931857919
832	-4.280454786987887
833	-4.273625516000765
834	-3.8108708421532986
835	-3.797909153063209
836	-3.767889293640848
837	-3.7608831806198895
838	-4.147328529616952
839	-4.137183447496738
840	-3.775755385934308
841	-3.7695834199032836
842	-4.162228051475465
843	-4.159827631443069
844	-4.413387322032121
845	-4.406090990182731
846	-4.467093475167529
847	-4.455574776024872
848	-4.191691670731989
849	-4.175423413633819
850	-4.051357813867659
851	-4.047157333899667
852	-4.123628060696693
853	-4.110940934162826
854	-4.095680994577504
855	-4.091613570308415
856	-4.24867277761596
857	-4.239250390135614
858	-3.8947517048374833
859	-3.8835112389259576
860	-4.14024114240066
861	-4.134833404409991
862	-4.095589762358302
863	-4.0920921372839345
864	-3.7568526560082827
865	-3.7540393450781595
866	-4.329713922866133
867	-4.310083301940867
868	-4.175159418959277
869	-4.160209060508448
870	-3.836915041634134
871	-3.8200750132035566
872	-3.827421067951594
873	-3.8200984750694658
874	-4.1022521006694745
875	-4.099492253615367
876	-4.0968502479310915
877	-4.089795178704307
878	-4.221386963836705
879	-4.213947682989372
880	-4.497492065413732
881	-4.4930661674983785
882	-4.420828658814274
883	-4.412797905989503
884	-4.338564532492437
885	-4.332483564429307
886	-4.177928345938553
887	-4.169645682126866
888	-3.8171663923380095
889	-3.801673351992604
890	-4.161962132951744
891	-4.15719528061594
892	-4.441569901232549
893	-4.433244894897342
894	-4.328233424204189
895	-4.317980304358409
896	-4.431821550097454
897	-4.418556191102523
898	-4.355743050300424
899	-4.3377820467627775
900	-4.295115179618706
901	-4.277895449839197
902	-4.020718044992705
903	-4.018310321230208
904	-4.120592114039998
905	-4.11503652853217
906	-4.1879161621720025
907	-4.168100237378371
908	-4.124672475648081
909	-4.118258670204965
910	-4.149127432057951
911	-4.145843440412924
912	-3.9796070118712668
913	-3.971115315061939
914	-4.302150861146522
915	-4.282004359021237
916	-4.35078355669637
917	-4.339336723479654
918	-3.873814936893905
919	-3.865669395463504
920	-4.153078925135651
921	-4.143251543211964
922	-3.9963344686340907
923	-3.984571599801966
924	-4.093126971788586
925	-4.0899260900440035
926	-3.9516513556978645
927	-3.941259624661132
928	-4.470943976067947
929	-4.4676491162487775
930	-3.9993572405997764
931	-3.988000291497862
932	-4.279177107159383
933	-4.271810790172389
934	-3.822118051263661
935	-3.813927656867452
936	-4.207182718004853
937	-4.194970846607825
938	-4.424047912309233
939	-4.417260907899638
940	-4.229900935821138
941	-4.224259532802226
942	-3.785089895495229
943	-3.7730611730585344
944	-4.081885818517733
945	-4.075335132797326
946	-4.13021306792326
947	-4.12681699829187
948	-4.154302704057861
949	-4.146762943627237
950	-4.351928401749114
951	-4.33844651819881
952	-4.389103340908075
953	-4.383061375289996
954	-4.215929478342836
955	-4.213998890236467
956	-4.228312584567777
957	-4.223140906207604
958	-4.087654288018066
959	-4.080825181062508
960	-4.137101870962074
961	-4.1309303503694865
962	-4.3271990202914585
963	-4.312333775742826
964	-4.312558974622407
965	-4.295185782992146
966	-4.445606796788505
967	-4.431228402082818
968	-4.391919291281284
969	-4.386271038979136
970	-4.036606127244954
971	-4.015171131059401
972	-4.004193745722676
973	-3.9984309900447
974	-4.127624052943867
975	-4.122247845633408
976	-4.17954025159965
977	-4.176759182539122
978	-4.129932013448082
979	-4.124242860613593
980	-4.076458734331372
981	-4.0667623338485415
982	-4.3145078042546485
983	-4.3059382008031255
984	-4.267070058295739
985	-4.25467314441181
986	-4.338355281535581
987	-4.32786547831344
988	-4.198485865791055
989	-4.193564654513471
990	-4.171218202104624
991	-4.165129422643553
992	-4.5208389554384425
993	-4.515441095878166
994	-4.307889874865257
995	-4.294812438088745
996	-4.353895600188462
997	-4.351180577479362
998	-4.318238661580353
999	-4.306160016066854
1000	-4.4826794934902425
1001	-4.465518934806872
1002	-4.332103797111037
1003	-4.323014544979877
1004	-3.930531388015046
1005	-3.9251838945858983
1006	-4.247311773904675
1007	-4.233363097574737
1008	-4.268053722499584
1009	-4.2520724230779265
1010	-4.292261136534122
1011	-4.280907838537766
1012	-4.140704253118113
1013	-4.130464470278421
1014	-4.140932088264212
1015	-4.125783322688624
1016	-3.7947424107560277
1017	-3.7857057219226933
1018	-4.2280007586567505
1019	-4.217718283929784
1020	-4.252787118777912
1021	-4.245923082750201
1022	-4.261940581105789
1023	-4.245335094937367
1024	-4.179839058024389
1025	-4.1745550574541275
1026	-4.1624721611463285
1027	-4.154539078839619
1028	-3.851341301643769
1029	-3.8456197475344123
1030	-4.080492555120068
1031	-4.073311236543372
1032	-4.27098849544596
1033	-4.260828645918907
1034	-4.119329307812594
1035	-4.114282850058706
1036	-4.386336027672187
1037	-4.38332609701316
1038	-3.978359739010427
1039	-3.96154235099268
1040	-3.9894395921702004
1041	-3.981954224518448
1042	-4.423091759083141
1043	-4.406137248237682
1044	-4.174318916738156
1045	-4.1650635032899075
1046	-3.9242774283264663
1047	-3.9210989735406816
1048	-4.3681580573095085
1049	-4.361660524305661
1050	-4.420536541885116
1051	-4.418442160839944
1052	-4.522862194509565
1053	-4.518780219643662
1054	-3.8865912425399176
1055	-3.8782001747392822
1056	-4.366010115701287
1057	-4.355419841104599
1058	-4.247367362389938
1059	-4.2377383011674645
1060	-4.487532812857737
1061	-4.470646108438635
1062	-4.547887377362493
1063	-4.5450136904722624
1064	-4.225017055524232
1065	-4.216991427317927
1066	-4.312363626482349
1067	-4.304901532908793
1068	-4.728660553001475
1069	-4.72316773769503
1070	-4.582881033815049
1071	-4.56240654219672
1072	-4.056708085465348
1073	-4.044026400903721
1074	-4.220987164405032
1075	-4.215486487409574
1076	-4.349819227236103
1077	-4.341871014222149
1078	-4.209707336437237
1079	-4.19312502607185
1080	-3.8652513957089587
1081	-3.8470352239329344
1082	-4.4770200670450375
1083	-4.468858977946196
1084	-3.992327552438849
1085	-3.977888746344716
1086	-4.222753638800348
1087	-4.212041379098797
1088	-4.170184567275022
1089	-4.160330470319035
1090	-4.070054520166868
1091	-4.063936367936775
1092	-4.210037891813105
1093	-4.206009897155191
1094	-4.158821267436256
1095	-4.14783994923391
1096	-4.4896151279762835
1097	-4.473176008038307
1098	-4.247171974305226
1099	-4.235771679830869
1100	-4.293510797338703
1101	-4.284886636524432
1102	-4.1471242501799965
1103	-4.140131992055011
1104	-4.504857948369918
1105	-4.494095382837381
1106	-4.560399568498624
1107	-4.5391502067801355
1108	-4.09912356110745
1109	-4.096453084440936
1110	-4.351463900814777
1111	-4.339583001183907
1112	-4.393594710744714
1113	-4.387153314785188
1114	-3.9014104708379733
1115	-3.8994647705410825
1116	-4.189457908407045
1117	-4.1822950476932395
1118	-4.086102586266514
1119	-4.07019748325574
1120	-3.9358731052424396
1121	-3.9302658744314067
1122	-4.412590961525611
1123	-4.410914408564565
1124	-4.1487313545238775
1125	-4.1412727037932635
1126	-4.458416660257551
1127	-4.45125881387905
1128	-4.320787790621225
1129	-4.3125612014510795
1130	-4.597756797998402
1131	-4.584640593965426
1132	-4.487451619702039
1133	-4.471621157534461
1134	-4.111033990585617
1135	-4.104014907628314
1136	-4.353889787820537
1137	-4.341488720149712
1138	-4.037028854370335
1139	-4.030196607544523
1140	-4.489541459808281
1141	-4.478071679108405
1142	-4.344944220390953
1143	-4.330420367282036
1144	-4.183371846938829
1145	-4.169657319524445
1146	-3.8665029126881625
1147	-3.8590265375236634
1148	-4.730402210042962
1149	-4.726885145622756
1150	-4.254222141954199
1151	-4.250000778071787
1152	-4.1695371859451384
1153	-4.161399322887059
1154	-4.095533082327473
1155	-4.083508270681963
1156	-4.138368676296818
1157	-4.131140164594637
1158	-4.131297953288392
1159	-4.122374502307816
1160	-4.157563970574651
1161	-4.151868012064683
1162	-4.269570518270872
1163	-4.264470504854337
1164	-4.4105595432596845
1165	-4.402585655475689
1166	-4.122031439708889
1167	-4.119794857143759
1168	-4.093463723113912
1169	-4.088239326399558
1170	-4.165461564715913
1171	-4.156288861993412
1172	-4.330275160904955
1173	-4.32544376539009
1174	-4.1022079326149745
1175	-4.085040861931327
1176	-4.452394137291038
1177	-4.448972380700198
1178	-4.644923209725028
1179	-4.637225619291699
1180	-4.4586119843237455
1181	-4.4473011676974386
1182	-4.182711605968159
1183	-4.174143986204991
1184	-4.2643218078502905
1185	-4.251320730495611
1186	-4.257508448305353
1187	-4.251671848001869
1188	-4.1753928168859415
1189	-4.171976594699346
1190	-4.32119809384586
1191	-4.3163200806602156
1192	-4.030508781600741
1193	-4.026359823534819
1194	-4.140780557722086
1195	-4.131866199219089
1196	-4.230380349829714
1197	-4.220971063220918
1198	-4.577420123522086
1199	-4.571124613240644
1200	-4.009162372378066
1201	-3.9969246537377328
1202	-4.023184613785005
1203	-4.016332840009977
1204	-4.396042808027914
1205	-4.388583366381909
1206	-3.9070932492882617
1207	-3.89221185204001
1208	-4.119556594915609
1209	-4.113888931901645
1210	-4.264617392889562
1211	-4.254211819654333
1212	-4.125280142442818
1213	-4.113551249520868
1214	-4.703186953461633
1215	-4.6973526289765095
1216	-3.9551485381008185
1217	-3.9451398782224376
1218	-4.445757590518157
1219	-4.435951314088335
1220	-4.115706604940141
1221	-4.11134324991897
1222	-4.482156427289575
1223	-4.479276468452133
1224	-4.392421748049579
1225	-4.382096933462734
1226	-3.826318274654841
1227	-3.824646157882241
1228	-3.86174866265185
1229	-3.8553518929795842
1230	-4.260152846005856
1231	-4.235983608638216
1232	-4.170278857726782
1233	-4.165529003890976
1234	-4.437513850161612
1235	-4.432832244594119
1236	-4.580057698165963
1237	-4.566342646473597
1238	-4.27088347045525
1239	-4.267942763028963
1240	-4.346412770551637
1241	-4.33990280484705
1242	-4.2102910956028206
1243	-4.205056236474979
1244	-4.408234110762783
1245	-4.404125688717887
1246	-4.222223986989972
1247	-4.213505974577765
1248	-4.283132656600925
1249	-4.280878597527287
1250	-4.093951641350336
1251	-4.088393298273285
1252	-4.400891907074071
1253	-4.398015250375595
1254	-4.340229622388427
1255	-4.329349254164312
1256	-4.063562189406067
1257	-4.055204463089866
1258	-3.9666431366029964
1259	-3.95634604262432
1260	-4.171721496313581
1261	-4.166626482958288
1262	-4.367056457706747
1263	-4.361138442495086
1264	-4.42032194168556
1265	-4.413102715307663
1266	-3.9557838605210773
1267	-3.9523540022278207
1268	-3.982272891453109
1269	-3.968664243744077
1270	-4.10818566095433
1271	-4.102095115273195
1272	-4.184107238819294
1273	-4.178101657093978
1274	-4.280073446286514
1275	-4.272073480333892
1276	-4.16290189953325
1277	-4.151926966147695
1278	-4.237668704385433
1279	-4.219427786743968
1280	-4.122464902485889
1281	-4.114154441587719
1282	-3.752721515014179
1283	-3.7462031794277766
1284	-4.230956719346481
1285	-4.226749129058821
1286	-3.968043368662052
1287	-3.961318216916402
1288	-4.348109237145486
1289	-4.340906087357551
1290	-4.003269511422721
1291	-3.993236015119533
1292	-4.148910310157381
1293	-4.141896105549838
1294	-4.182513029880204
1295	-4.172863867592369
1296	-4.2283254318313945
1297	-4.216705077222658
1298	-4.24996450087473
1299	-4.245705194996732
1300	-4.326554767844265
1301	-4.3195041999179615
1302	-4.224508416282511
1303	-4.218048186695011
1304	-3.8107916844086294
1305	-3.796424360086042
1306	-4.232166773241032
1307	-4.218460913312237
1308	-4.388394257291175
1309	-4.371978779565922
1310	-4.439589607646365
1311	-4.4327331084659924
1312	-4.186615719477756
1313	-4.181665123007525
1314	-4.272247266857356
1315	-4.267441487558649
1316	-4.307569118284101
1317	-4.296342645833317
1318	-4.07487189318676
1319	-4.071767420326605
1320	-4.229081467305772
1321	-4.2266774099269195
1322	-4.3315711582206955
1323	-4.328641417529808
1324	-4.173872155573011
1325	-4.166457253050298
1326	-4.326454180333664
1327	-4.323137228402914
1328	-4.28902969379127
1329	-4.280743352809536
1330	-3.960526877571333
1331	-3.9490294838442894
1332	-3.919885379074469
1333	-3.9111029699116813
1334	-4.518240934753934
1335	-4.5046595895044685
1336	-3.995836395342135
1337	-3.9942911569759456
1338	-4.199218070675825
1339	-4.193922176646558
1340	-4.176760982781823
1341	-4.169346234036011
1342	-4.113146823127729
1343	-4.107999130864475
1344	-3.7366171026395065
1345	-3.72697383003939
1346	-3.995297012039521
1347	-3.9805345390477522
1348	-4.273975349503591
1349	-4.262741385861315
1350	-4.418717161112964
1351	-4.416601961560367
1352	-4.66142365237127
1353	-4.649367643389126
1354	-4.257093544773428
1355	-4.251207787057223
1356	-4.450188111994747
1357	-4.441711220670555
1358	-4.008934796786974
1359	-4.001185716874917
1360	-4.287013694829492
1361	-4.278874575559196
1362	-4.198589221519714
1363	-4.194480776357207
1364	-4.314281254875792
1365	-4.305600245816877
1366	-4.1170942715314665
1367	-4.110352091129815
1368	-4.552508580552554
1369	-4.545208236743897
1370	-4.456104060860909
1371	-4.4471211478479
1372	-4.290490958161794
1373	-4.280693886392499
1374	-4.22091206399705
1375	-4.2049108673009234
1376	-4.162372382817499
1377	-4.159613461137873
1378	-4.382023008603281
1379	-4.3753243967018
1380	-4.059965083267775
1381	-4.055132441006105
1382	-4.333865377143734
1383	-4.325063387133278
1384	-4.122378841669974
1385	-4.11488251918422
1386	-4.4535084695999885
1387	-4.443049592838879
1388	-4.285631975161624
1389	-4.276733120254221
1390	-3.9606427617045132
1391	-3.954424430789871
1392	-4.14387790996803
1393	-4.1294275009312615
1394	-3.8900754875100922
1395	-3.8768557699813915
1396	-4.410702565468189
1397	-4.404023935301412
1398	-3.9608112285207024
1399	-3.9473381449948426
1400	-4.18542488510654
1401	-4.177435309776361
1402	-4.462564156023304
1403	-4.456769067564449
1404	-4.218493914314492
1405	-4.2075997663337175
1406	-4.115380611329007
1407	-4.101406910933447
1408	-4.6784977078183845
1409	-4.6674921079510705
1410	-4.410576910462651
1411	-4.401147720727398
1412	-4.226569521263668
1413	-4.220362918198924
1414	-4.280798533990319
1415	-4.271316276203939
1416	-4.232510868249726
1417	-4.221693409955084
1418	-4.74261798074954
1419	-4.728993041975823
1420	-4.008023903007215
1421	-4.000747549819655
1422	-4.203204524872287
1423	-4.19005060403483
1424	-4.05755311686149
1425	-4.053321407732831
1426	-4.131527291070665
1427	-4.1272957647250745
1428	-4.436637267364779
1429	-4.4292768117304915
1430	-4.348685360428371
1431	-4.340837075638703
1432	-4.421097516450363
1433	-4.416638520029929
1434	-4.10729891067785
1435	-4.092341621454058
1436	-3.9951835886004825
1437	-3.9900692134073332
1438	-4.514051672918548
1439	-4.506567067515252
1440	-4.266392321097729
1441	-4.258004670826336
1442	-3.9537599016730973
1443	-3.9382683604631543
1444	-3.8673560263194617
1445	-3.8591380496744465
1446	-4.573448490945652
1447	-4.568653988439049
1448	-4.326200651622028
1449	-4.3203714119028165
1450	-4.2608383012361415
1451	-4.2493442449872685
1452	-4.191159156885237
1453	-4.185511180285364
1454	-4.339001349470417
1455	-4.337392043089844
1456	-4.289093078498697
1457	-4.2753651829723625
1458	-4.189213153578065
1459	-4.182325815938422
1460	-3.911831658296534
1461	-3.8992373841394166
1462	-4.480877905614348
1463	-4.473411431955304
1464	-4.21191335723171
1465	-4.205546374709888
1466	-4.138262928122704
1467	-4.118588812546001
1468	-4.292247691558465
1469	-4.280566088426406
1470	-4.054827545496405
1471	-4.039826117424967
1472	-4.071607398747261
1473	-4.060275165544774
1474	-4.307212637521154
1475	-4.296078872219776
1476	-4.118590464426644
1477	-4.112130825168471
1478	-4.0475482777511935
1479	-4.032308782703045
1480	-4.138363529433311
1481	-4.127057948491692
1482	-4.4696914780293815
1483	-4.464381870712598
1484	-4.097806829210816
1485	-4.092330934226631
1486	-4.311402651711403
1487	-4.3068183141353975
1488	-4.599764489603717
1489	-4.581912441684928
1490	-4.110432957010593
1491	-4.103836627389346
1492	-4.194952905113966
1493	-4.187791550935486
1494	-3.985165064159671
1495	-3.975978295422121
1496	-4.487162168545748
1497	-4.4814064507550135
1498	-4.301309948046524
1499	-4.282924357815528
1500	-4.086442698924422
1501	-4.08175941803093
1502	-4.335294331678203
1503	-4.328302753239635
1504	-3.9388801951950985
1505	-3.9317220974305838
1506	-4.638982063576633
1507	-4.633846630901864
1508	-4.216196384842616
1509	-4.212003716072657
1510	-4.097815866651287
1511	-4.096600083211978
1512	-4.039365676444603
1513	-4.0303983109270245
1514	-4.201395928975374
1515	-4.190952150553497
1516	-4.211072725448786
1517	-4.192442559124889
1518	-4.588301120763645
1519	-4.584636166741439
1520	-4.205893440050516
1521	-4.19736120515765
1522	-3.9935135855073725
1523	-3.97553605193945
1524	-4.200749939975816
1525	-4.194443047993237
1526	-4.005107862200536
1527	-3.9972762910274997
1528	-4.8083440979640795
1529	-4.80074477750776
1530	-4.2082267490711605
1531	-4.197772999134691
1532	-4.158999193899189
1533	-4.1483746144948395
1534	-4.209545898292793
1535	-4.201089008400333
1536	-4.393490221960008
1537	-4.375703391478935
1538	-4.11124840034152
1539	-4.104897055734457
1540	-4.1651015741249315
1541	-4.157520126910037
1542	-4.175114546390597
1543	-4.159522925413362
1544	-4.278464795131186
1545	-4.276576768457633
1546	-4.377848532742097
1547	-4.368274195791708
1548	-4.276496095875441
1549	-4.264310466921087
1550	-4.464478754100124
1551	-4.453867875205452
1552	-4.2012010407955644
1553	-4.197712514298508
1554	-4.185424358222925
1555	-4.179469270564509
1556	-4.1235517656428025
1557	-4.118200375466936
1558	-4.1080779510579
1559	-4.093507370369651
1560	-4.249905817595903
1561	-4.245181133850191
1562	-4.266022297307642
1563	-4.257330908133495
1564	-4.107103042544783
1565	-4.104907923728606
1566	-4.384766326491771
1567	-4.378803287571192
1568	-4.276073816746129
1569	-4.27199911169602
1570	-4.027337066909627
1571	-4.023055252423795
1572	-4.0497371340831885
1573	-4.0443679302235065
1574	-4.233766188606518
1575	-4.216328175300089
1576	-4.296214489212333
1577	-4.291164702828836
1578	-4.389707573566788
1579	-4.379470028295507
1580	-4.120796339832624
1581	-4.111983286410223
1582	-4.4269553268293445
1583	-4.414456505889446
1584	-4.216914832323951
1585	-4.207176964074358
1586	-4.57585497617019
1587	-4.565095715952311
1588	-4.205598280470983
1589	-4.195783220457761
1590	-4.273473530028144
1591	-4.260180760103922
1592	-4.559759974371188
1593	-4.5493592743179505
1594	-4.175131793327989
1595	-4.165321819787515
1596	-4.146496937766849
1597	-4.140482070792228
1598	-4.489434582349668
1599	-4.478153601665551
1600	-4.4420638869165945
1601	-4.421406137107816
1602	-4.005580047894193
1603	-3.9967123950125676
1604	-4.1812864773990395
1605	-4.177870188814467
1606	-3.9809779180123672
1607	-3.974663512241652
1608	-4.349288820391422
1609	-4.342151839480626
1610	-4.02838532480208
1611	-4.0199408313573315
1612	-4.073137222212708
1613	-4.0667807366702435
1614	-4.138765855318949
1615	-4.134819777430191
1616	-3.9661897391916128
1617	-3.9533285534167564
1618	-3.8303234767593
1619	-3.826057911412754
1620	-3.836067590494985
1621	-3.8333322104895053
1622	-4.697302855195692
1623	-4.690480163973468
1624	-4.279229577282108
1625	-4.270997503917041
1626	-3.915659543819985
1627	-3.914550627274635
1628	-4.297334857786041
1629	-4.276747378895904
1630	-3.8268977521447525
1631	-3.8125863987504487
1632	-4.250425191024188
1633	-4.243542422957463
1634	-4.130083875391271
1635	-4.113807830580922
1636	-4.46467770850138
1637	-4.461165720833211
1638	-4.371367965087628
1639	-4.3649670654769155
1640	-4.225664446766826
1641	-4.209069227689947
1642	-3.889921198396184
1643	-3.8756918935339617
1644	-4.817025717096931
1645	-4.8094695385899096
1646	-4.237368739135914
1647	-4.228062940517811
1648	-3.973924126107835
1649	-3.9646824865688184
1650	-4.486768278057359
1651	-4.472285969374156
1652	-4.352750360527986
1653	-4.33552980156769
1654	-3.9319966461927285
1655	-3.918724468496571
1656	-4.230773876997687
1657	-4.215821055130735
1658	-4.124209435793068
1659	-4.115146635969644
1660	-4.457805741845394
1661	-4.446716188559355
1662	-3.666228399392735
1663	-3.648549945799951
1664	-4.163282770337218
1665	-4.159297011139977
1666	-4.545895362715893
1667	-4.53435601386026
1668	-4.312839390719727
1669	-4.305195289759554
1670	-4.264361525910397
1671	-4.261544928425037
1672	-4.186957885151028
1673	-4.182077259307874
1674	-4.052384186813019
1675	-4.0478067932299195
1676	-4.049710499138903
1677	-4.040489975487155
1678	-4.271679858870704
1679	-4.262601091636551
1680	-4.17016409122497
1681	-4.160624749423977
1682	-4.407868060242517
1683	-4.393779719073478
1684	-3.919902483719328
1685	-3.914660262931592
1686	-3.986439570656903
1687	-3.9809686727192855
1688	-4.278406315280086
1689	-4.2716932551407165
1690	-3.776164237379853
1691	-3.7700496450192746
1692	-4.132276794704373
1693	-4.119363300112049
1694	-4.397034147817145
1695	-4.388775422680559
1696	-4.414595189660739
1697	-4.411692233131459
1698	-4.008251657136852
1699	-4.001399563440528
1700	-4.387577283358636
1701	-4.373775049382876
1702	-3.6621688583021883
1703	-3.6524654079173478
1704	-4.406023169133889
1705	-4.3980025298335095
1706	-4.266527968238253
1707	-4.253173604304676
1708	-4.504912678284872
1709	-4.500190965123939
1710	-4.205879303171442
1711	-4.200702062371605
1712	-4.430448438502702
1713	-4.414256260148712
1714	-4.295654101721603
1715	-4.2848389627208485
1716	-4.18583175211529
1717	-4.183945597300012
1718	-4.436085464076895
1719	-4.426560584018428
1720	-4.34995305884058
1721	-4.336114071337441
1722	-4.119288316973459
1723	-4.106092202503724
1724	-4.260670544847684
1725	-4.249156658986654
1726	-4.377304139188784
1727	-4.371440584507041
1728	-4.440713035711355
1729	-4.42361675632499
1730	-4.279461560003362
1731	-4.275719669264057
1732	-4.238059042717259
1733	-4.230232904583326
1734	-4.092526368950891
1735	-4.081797109191288
1736	-4.245906781646447
1737	-4.242550481983769
1738	-4.144157775572139
1739	-4.131196176970782
1740	-4.188571147803442
1741	-4.177964687853509
1742	-4.0844094313175345
1743	-4.07652357332838
1744	-4.4242230091726364
1745	-4.410168293346663
1746	-4.241340471249006
1747	-4.235026444416927
1748	-4.428839047812034
1749	-4.416244614919837
1750	-4.341017639196036
1751	-4.330794256357241
1752	-4.144060070411359
1753	-4.135355651049626
1754	-4.391466021225203
1755	-4.382719206620591
1756	-4.265810423919513
1757	-4.259242032258742
1758	-4.446406803336814
1759	-4.428295540493157
1760	-4.046980642979925
1761	-4.041541471430899
1762	-4.281600478962357
1763	-4.2799913563147225
1764	-4.180285260242151
1765	-4.171042834704662
1766	-4.410314216756126
1767	-4.398206139821852
1768	-4.211791194592367
1769	-4.203227516018379
1770	-4.6686419653668665
1771	-4.666314670418153
1772	-4.4869248342330925
1773	-4.481797410880232
1774	-4.159251932405304
1775	-4.153459023138183
1776	-4.182886086738439
1777	-4.172412286302749
1778	-4.144962960133312
1779	-4.134581808928427
1780	-4.1700951819374525
1781	-4.158946095514624
1782	-4.3638664781406
1783	-4.358955718382042
1784	-4.436625758967885
1785	-4.424404840966704
1786	-4.1593180120204405
1787	-4.146270521477994
1788	-4.174854550182169
1789	-4.170680576997688
1790	-4.612446221337416
1791	-4.6074737913316675
1792	-4.396971550791655
1793	-4.383062170937761
1794	-4.079259467210774
1795	-4.077355550428232
1796	-4.749386917387937
1797	-4.735359597557654
1798	-4.338533037702178
1799	-4.3310047887851075
1800	-4.474137578957606
1801	-4.469291101888423
1802	-4.0628536919356275
1803	-4.0528627291989885
1804	-4.646584257838388
1805	-4.641495958642117
1806	-3.7602463123516623
1807	-3.7537400238634904
1808	-4.228933044013878
1809	-4.217042086700254
1810	-4.586232311328618
1811	-4.571272648860427
1812	-4.128965141815197
1813	-4.113341790102512
1814	-4.492673465177245
1815	-4.483929365011498
1816	-4.225365181052023
1817	-4.209185946276755
1818	-4.145075740474296
1819	-4.1319066060266225
1820	-4.322456274044507
1821	-4.316566900026821
1822	-4.100180540808033
1823	-4.089826744375016
1824	-4.265221386009008
1825	-4.261487937204296
1826	-4.605938381837791
1827	-4.600797001046148
1828	-4.0049220950698246
1829	-3.98604761368862
1830	-4.238786471384204
1831	-4.229700589988544
1832	-4.107158422442312
1833	-4.096945319721418
1834	-4.511895171599761
1835	-4.497972343780922
1836	-4.169827950869306
1837	-4.162881407040807
1838	-4.395162730452119
1839	-4.389766995653433
1840	-4.432319523528499
1841	-4.419379976657296
1842	-4.193521373233063
1843	-4.181669507092766
1844	-4.086767751254815
1845	-4.083340679989023
1846	-3.9798979586797585
1847	-3.969184747609466
1848	-4.100705285644497
1849	-4.092170183798924
1850	-4.294818966334857
1851	-4.28331109421829
1852	-4.6218808406208245
1853	-4.617517106858852
1854	-3.989463972747065
1855	-3.9813274935205865
1856	-3.9444426905577887
1857	-3.9360568854065634
1858	-4.179561664670029
1859	-4.175355301042536
1860	-4.321241200492617
1861	-4.314110535388993
1862	-3.8458332252109013
1863	-3.8369905905831088
1864	-4.4711344033515354
1865	-4.466598116680826
1866	-4.214907151849
1867	-4.203126493917256
1868	-4.023386030453969
1869	-4.004913517118289
1870	-4.218557502341577
1871	-4.214212676803519
1872	-4.334141148436729
1873	-4.325798135262816
1874	-4.47032478490676
1875	-4.466445628843864
1876	-4.126312123330042
1877	-4.123172898240751
1878	-4.554522997629006
1879	-4.542012654092013
1880	-4.111547797975518
1881	-4.108261878556079
1882	-4.634390732677885
1883	-4.621469943070692
1884	-4.061467550309768
1885	-4.050004234820908
1886	-4.453333277141123
1887	-4.446104092983039
1888	-4.055738573796119
1889	-4.046149259598202
1890	-4.31258663225253
1891	-4.307506256769409
1892	-4.322427843436333
1893	-4.311592384996493
1894	-4.420867422954813
1895	-4.406520930427773
1896	-4.055080565139722
1897	-4.050502010484263
1898	-4.217856996258159
1899	-4.212999245172946
1900	-4.471314029200466
1901	-4.468215259975351
1902	-4.438546511996062
1903	-4.4330514198833475
1904	-4.224681311159502
1905	-4.208251994271842
1906	-4.050335983679201
1907	-4.0428148023878485
1908	-4.368822659410377
1909	-4.3640503385883855
1910	-4.41669741838826
1911	-4.404165434504191
1912	-4.556305556892133
1913	-4.544102198267561
1914	-4.527280389938381
1915	-4.514018555863463
1916	-4.444710246224808
1917	-4.430147059874035
1918	-4.402804149848811
1919	-4.3953635365447
1920	-4.583388544090886
1921	-4.553339183989081
1922	-4.200960806662152
1923	-4.193350784840944
1924	-4.524144858693686
1925	-4.516077902583999
1926	-4.2998443625678275
1927	-4.293301778070021
1928	-4.566266679016305
1929	-4.559506526524766
1930	-4.026131122304996
1931	-4.0192262489421875
1932	-4.145883688885128
1933	-4.134676221601409
1934	-4.120826020501936
1935	-4.107388950434159
1936	-4.4613115646671035
1937	-4.448811848421227
1938	-4.243252538969591
1939	-4.238612394260398
1940	-4.256147532399073
1941	-4.252426198640526
1942	-4.468741579842357
1943	-4.455405570899977
1944	-4.134666549667858
1945	-4.13013105857245
1946	-4.12848686002239
1947	-4.1115265395125435
1948	-4.444792622659817
1949	-4.439288709672722
1950	-4.138767366688486
1951	-4.130637385848377
1952	-4.137958643760523
1953	-4.13490274342582
1954	-4.488194126046208
1955	-4.481097906160131
1956	-4.218770192834729
1957	-4.209302655550853
1958	-4.249681073269099
1959	-4.236923861442843
1960	-4.121435706302424
1961	-4.107012282254204
1962	-3.9876275148176172
1963	-3.9793130919852873
1964	-4.135967471675659
1965	-4.12741486886701
1966	-4.155263877455736
1967	-4.148611939038781
1968	-3.949672184183017
1969	-3.9463089737925823
1970	-4.002106757580163
1971	-3.995526738619536
1972	-4.339273213581917
1973	-4.327271544133553
1974	-4.695958867513246
1975	-4.688237260758062
1976	-4.222778144019479
1977	-4.214828239752444
1978	-4.346218136824558
1979	-4.339169746111434
1980	-4.581131688878609
1981	-4.571719247981137
1982	-4.288192135754496
1983	-4.2778128489369465
1984	-4.060458069714478
1985	-4.05595829156057
1986	-4.117568985704637
1987	-4.111021834646206
1988	-4.317313628778742
1989	-4.312808276991321
1990	-3.8394136089182913
1991	-3.834674736272222
1992	-4.453633622544327
1993	-4.442233444695479
1994	-4.011094708373137
1995	-4.004643859556768
1996	-4.463657836677201
1997	-4.454584310477409
1998	-3.9502301331934677
1999	-3.943640411871159
