0	9.851227533692139
1	9.658118981427155
2	9.486944064468728
3	9.334660571866753
4	9.198818787219532
5	9.07741405717067
6	8.96877801833977
7	8.871498747961816
8	8.784362451558382
9	8.706311082999488
10	8.63641164080164
11	8.573833916348027
12	8.517834269916776
13	8.467743635778092
14	8.42295844563181
15	8.382933536384575
16	8.347176393779593
17	8.315242294625612
18	8.286730062283254
19	8.261278255876155
20	8.238561684786617
21	8.218288185816775
22	8.200195628472258
23	8.184049129915538
24	8.169638469476618
25	8.156775696198464
26	8.145292923772798
27	8.13504030671761
28	8.125884190584893
29	8.117705427843559
30	8.110397850109107
31	8.103866886697366
32	8.098028319088307
33	8.092807160776111
34	8.088136652109785
35	8.083957360044007
36	8.080216373173416
37	8.076866582971231
38	8.073866042757832
39	8.071177396557623
40	8.068767370639986
41	8.066606321165732
42	8.06466783196238
43	8.062928357021448
44	8.06136690284449
45	8.05996474625862
46	8.058705183776585
47	8.057573308991234
48	8.05655581487091
49	8.055640818162933
50	8.054817703419134
51	8.054076984432811
52	8.05341018112318
53	8.052809710123784
54	8.05226878752783
55	8.051781342418487
56	8.051341939967685
57	8.050945713025376
58	8.05058830124367
59	8.050265796889239
60	8.049974696593727
61	8.049711858377304
62	8.049474463356253
63	8.04925998161238
64	8.049066141761333
65	8.048890903809497
66	8.04873243493546
67	8.04858908787327
68	8.048459381611066
69	8.048341984150866
70	8.048235697103916
71	8.048139441921142
72	8.048052247580802
73	8.047973239575096
74	8.047901630055215
75	8.047836709009776
76	8.047777836365515
77	8.047724434911263
78	8.04767598395718
79	8.047632013650844
80	8.047592099880344
81	8.04755585970217
82	8.047522947238466
83	8.047493049994129
84	8.047465885549709
85	8.047441198590715
86	8.047418758238237
87	8.047398355649461
88	8.047379801860098
89	8.047362925843702
90	8.047347572765448
91	8.04733360241043
92	8.047320887768516
93	8.047309313759794
94	8.04729877608625
95	8.04728918019686
96	8.047280440354562
97	8.047272478794898
98	8.047265224966967
99	8.047258614848513
100	8.047252590327698
101	8.04724709864487
102	8.047242091888378
103	8.047237526539059
104	8.047233363058574
105	8.047229565517272
106	8.047226101257673
107	8.047222940590089
108	8.047220056517224
109	8.047217424484945
110	8.047215022156633
111	8.047212829208892
112	8.047210827146458
113	8.047208999134558
114	8.047207329846943
115	8.047205805328158
116	8.047204412868652
117	8.047203140891503
118	8.047201978849667
119	8.047200917132752
120	8.047199946982373
121	8.047199060415343
122	8.047198250153912
123	8.047197509562405
124	8.047196832589668
125	8.047196213716763
126	8.047195647909438
127	8.04719513057492
128	8.047194657522613
129	8.04719422492839
130	8.047193829302062
131	8.047193467457843
132	8.047193136487415
133	8.047192833735457
134	8.047192556777338
135	8.047192303398829
136	8.047192071577616
137	8.047191859466464
138	8.04719166537788
139	8.047191487770139
140	8.047191325234554
141	8.04719117648386
142	8.047191040341646
143	8.04719091573271
144	8.047190801674244
145	8.04719069726784
146	8.047190601692156
147	8.047190514196245
148	8.04719043409347
149	8.047190360755941
150	8.047190293609454
151	8.047190232128846
152	8.047190175833796
153	8.047190124284935
154	8.047190077080355
155	8.04719003385237
156	8.047189994264592
157	8.04718995800924
158	8.047189924804702
159	8.047189894393274
160	8.047189866539142
161	8.047189841026489
162	8.0471898176578
163	8.047189796252301
164	8.04718977664452
165	8.047189758683002
166	8.047189742229099
167	8.047189727155889
168	8.047189713347178
169	8.047189700696588
170	8.047189689106721
171	8.047189678488406
172	8.047189668759987
173	8.047189659846701
174	8.04718965168008
175	8.047189644197433
176	8.047189637341342
177	8.047189631059227
178	8.047189625302938
179	8.047189620028362
180	8.047189615195114
181	8.047189610766193
182	8.04718960670771
183	8.047189602988624
184	8.047189599580504
185	8.0471895964573
186	8.04718959359516
187	8.047189590972224
188	8.047189588568465
189	8.047189586365544
190	8.047189584346656
191	8.0471895824964
192	8.047189580800678
193	8.047189579246565
194	8.047189577822216
195	8.047189576516786
196	8.047189575320326
197	8.047189574223742
198	8.047189573218677
199	8.047189572297489
200	8.047189571453169
201	8.047189570679297
202	8.047189569969987
203	8.04718956931985
204	8.047189568723944
205	8.047189568177739
206	8.04718956767709
207	8.04718956721819
208	8.04718956679756
209	8.047189566411998
210	8.047189566058586
211	8.047189565734637
212	8.047189565437693
213	8.0471895651655
214	8.047189564915996
215	8.04718956468729
216	8.047189564477643
217	8.047189564285468
218	8.047189564109308
219	8.047189563947825
220	8.0471895637998
221	8.047189563664107
222	8.04718956353972
223	8.047189563425697
224	8.047189563321172
225	8.047189563225354
226	8.047189563137517
227	8.047189563056996
228	8.047189562983185
229	8.04718956291552
230	8.04718956285349
231	8.047189562796627
232	8.0471895627445
233	8.047189562696714
234	8.047189562652905
235	8.047189562612747
236	8.04718956257593
237	8.047189562542181
238	8.047189562511242
239	8.04718956248288
240	8.047189562456877
241	8.047189562433038
242	8.047189562411186
243	8.047189562391154
244	8.04718956237279
245	8.047189562355952
246	8.047189562340517
247	8.047189562326366
248	8.047189562313395
249	8.047189562301503
250	8.0471895622906
251	8.047189562280606
252	8.047189562271441
253	8.047189562263043
254	8.04718956225534
255	8.04718956224828
256	8.047189562241806
257	8.047189562235875
258	8.047189562230434
259	8.047189562225446
260	8.047189562220876
261	8.047189562216683
262	8.047189562212841
263	8.047189562209317
264	8.047189562206087
265	8.047189562203126
266	8.04718956220041
267	8.047189562197923
268	8.047189562195642
269	8.047189562193548
270	8.047189562191633
271	8.047189562189875
272	8.047189562188262
273	8.047189562186784
274	8.04718956218543
275	8.047189562184187
276	8.047189562183048
277	8.047189562182005
278	8.047189562181046
279	8.04718956218017
280	8.047189562179366
281	8.047189562178628
282	8.047189562177952
283	8.047189562177332
284	8.047189562176763
285	8.047189562176243
286	8.047189562175765
287	8.047189562175328
288	8.047189562174925
289	8.047189562174559
290	8.04718956217422
291	8.047189562173912
292	8.047189562173628
293	8.047189562173369
294	8.047189562173129
295	8.04718956217291
296	8.04718956217271
297	8.047189562172527
298	8.047189562172358
299	8.047189562172203
300	8.047189562172061
301	8.047189562171933
302	8.047189562171814
303	8.047189562171704
304	8.047189562171605
305	8.047189562171512
306	8.047189562171429
307	8.04718956217135
308	8.04718956217128
309	8.047189562171216
310	8.047189562171155
311	8.047189562171102
312	8.047189562171052
313	8.047189562171008
314	8.047189562170963
315	8.047189562170926
316	8.04718956217089
317	8.047189562170859
318	8.047189562170828
319	8.047189562170802
320	8.047189562170777
321	8.047189562170752
322	8.047189562170733
323	8.047189562170713
324	8.047189562170695
325	8.04718956217068
326	8.047189562170663
327	8.04718956217065
328	8.04718956217064
329	8.047189562170628
330	8.047189562170617
331	8.047189562170608
332	8.047189562170598
333	8.04718956217059
334	8.047189562170585
335	8.047189562170574
336	8.04718956217057
337	8.047189562170566
338	8.04718956217056
339	8.047189562170555
340	8.04718956217055
341	8.047189562170548
342	8.047189562170542
343	8.047189562170539
344	8.047189562170537
345	8.047189562170534
346	8.04718956217053
347	8.047189562170528
348	8.047189562170527
349	8.047189562170525
350	8.047189562170523
351	8.04718956217052
352	8.04718956217052
353	8.047189562170518
354	8.047189562170516
355	8.047189562170514
356	8.047189562170514
357	8.047189562170514
358	8.04718956217051
359	8.04718956217051
360	8.04718956217051
361	8.047189562170509
362	8.047189562170509
363	8.047189562170509
364	8.047189562170507
365	8.047189562170509
366	8.047189562170507
367	8.047189562170507
368	8.047189562170507
369	8.047189562170505
370	8.047189562170503
371	8.047189562170505
372	8.047189562170503
373	8.047189562170505
374	8.047189562170503
375	8.047189562170503
376	8.047189562170503
377	8.047189562170503
378	8.047189562170503
379	8.047189562170505
380	8.047189562170503
381	8.047189562170503
382	8.047189562170503
383	8.047189562170503
384	8.047189562170502
385	8.047189562170503
386	8.047189562170503
387	8.047189562170502
388	8.047189562170503
389	8.047189562170503
390	8.047189562170502
391	8.047189562170503
392	8.047189562170502
393	8.047189562170502
394	8.047189562170502
395	8.0471895621705
396	8.047189562170502
397	8.047189562170502
398	8.047189562170503
399	8.047189562170502
400	8.047189562170502
401	8.047189562170502
402	8.047189562170502
403	8.047189562170502
404	8.047189562170503
405	8.047189562170502
406	8.047189562170502
407	8.047189562170502
408	8.047189562170503
409	8.047189562170503
410	8.047189562170503
411	8.047189562170502
412	8.047189562170502
413	8.047189562170503
414	8.047189562170502
415	8.0471895621705
416	8.047189562170502
417	8.047189562170502
418	8.047189562170502
419	8.047189562170503
420	8.047189562170502
421	8.047189562170502
422	8.047189562170502
423	8.047189562170503
424	8.047189562170502
425	8.047189562170502
426	8.047189562170502
427	8.047189562170502
428	8.0471895621705
429	8.047189562170502
430	8.0471895621705
431	8.047189562170502
432	8.047189562170502
433	8.047189562170502
434	8.047189562170502
435	8.047189562170503
436	8.047189562170502
437	8.047189562170502
438	8.047189562170502
439	8.047189562170502
440	8.047189562170502
441	8.047189562170502
442	8.047189562170502
443	8.047189562170502
444	8.0471895621705
445	8.047189562170502
446	8.047189562170502
447	8.047189562170503
448	8.047189562170502
449	8.047189562170502
450	8.047189562170502
451	8.047189562170502
452	8.047189562170502
453	8.047189562170502
454	8.047189562170502
455	8.047189562170502
456	8.047189562170502
457	8.047189562170502
458	8.047189562170502
459	8.047189562170502
460	8.047189562170502
461	8.047189562170502
462	8.047189562170502
463	8.047189562170502
464	8.047189562170503
465	8.047189562170502
466	8.047189562170502
467	8.047189562170502
468	8.047189562170502
469	8.047189562170503
470	8.047189562170502
471	8.047189562170502
472	8.047189562170502
473	8.047189562170502
474	8.047189562170502
475	8.047189562170502
476	8.047189562170502
477	8.047189562170502
478	8.047189562170502
479	8.047189562170502
480	8.047189562170502
481	8.047189562170502
482	8.0471895621705
483	8.047189562170502
484	8.047189562170502
485	8.047189562170503
486	8.047189562170503
487	8.047189562170502
488	8.047189562170502
489	8.047189562170502
490	8.047189562170502
491	8.047189562170502
492	8.047189562170502
493	8.047189562170502
494	8.047189562170502
495	8.047189562170502
496	8.047189562170502
497	8.0471895621705
498	8.047189562170502
499	8.047189562170502
500	8.047189562170502
501	8.047189562170502
502	8.047189562170503
503	8.047189562170502
504	8.047189562170502
505	8.047189562170502
506	8.047189562170502
507	8.047189562170502
508	8.0471895621705
509	8.047189562170502
510	8.047189562170503
511	8.047189562170502
512	8.047189562170502
513	8.0471895621705
514	8.047189562170502
515	8.0471895621705
516	8.047189562170502
517	8.047189562170502
518	8.047189562170503
519	8.0471895621705
520	8.047189562170502
521	8.047189562170502
522	8.047189562170502
523	8.047189562170502
524	8.047189562170502
525	8.047189562170502
526	8.047189562170502
527	8.047189562170502
528	8.047189562170502
529	8.047189562170502
530	8.047189562170502
531	8.047189562170502
532	8.047189562170502
533	8.047189562170502
534	8.047189562170502
535	8.047189562170502
536	8.047189562170502
537	8.047189562170502
538	8.047189562170502
539	8.047189562170502
540	8.047189562170502
541	8.047189562170502
542	8.047189562170502
543	8.047189562170502
544	8.047189562170502
545	8.047189562170502
546	8.047189562170502
547	8.047189562170503
548	8.047189562170502
549	8.047189562170502
550	8.047189562170502
551	8.047189562170502
552	8.047189562170502
553	8.047189562170502
554	8.047189562170503
555	8.047189562170502
556	8.047189562170502
557	8.047189562170502
558	8.047189562170502
559	8.047189562170502
560	8.047189562170502
561	8.047189562170502
562	8.047189562170502
563	8.047189562170502
564	8.047189562170502
565	8.047189562170502
566	8.047189562170502
567	8.047189562170502
568	8.047189562170502
569	8.047189562170502
570	8.0471895621705
571	8.047189562170502
572	8.047189562170502
573	8.0471895621705
574	8.047189562170502
575	8.047189562170502
576	8.047189562170502
577	8.047189562170502
578	8.047189562170502
579	8.047189562170502
580	8.047189562170503
581	8.047189562170502
582	8.047189562170502
583	8.047189562170502
584	8.047189562170502
585	8.047189562170502
586	8.047189562170502
587	8.047189562170502
588	8.047189562170502
589	8.047189562170502
590	8.047189562170502
591	8.047189562170502
592	8.047189562170503
593	8.047189562170502
594	8.047189562170502
595	8.047189562170503
596	8.047189562170502
597	8.047189562170502
598	8.047189562170502
599	8.047189562170503
600	8.047189562170502
601	8.047189562170502
602	8.047189562170502
603	8.047189562170502
604	8.047189562170502
605	8.047189562170502
606	8.047189562170502
607	8.047189562170502
608	8.047189562170502
609	8.047189562170502
610	8.047189562170502
611	8.047189562170502
612	8.047189562170502
613	8.047189562170502
614	8.047189562170502
615	8.047189562170502
616	8.047189562170502
617	8.047189562170502
618	8.047189562170502
619	8.047189562170502
620	8.047189562170502
621	8.047189562170502
622	8.047189562170502
623	8.047189562170502
624	8.047189562170502
625	8.047189562170502
626	8.047189562170502
627	8.047189562170502
628	8.047189562170502
629	8.0471895621705
630	8.047189562170502
631	8.047189562170502
632	8.047189562170502
633	8.047189562170502
634	8.047189562170502
635	8.047189562170502
636	8.047189562170503
637	8.0471895621705
638	8.047189562170502
639	8.047189562170502
640	8.047189562170502
641	8.047189562170502
642	8.047189562170502
643	8.047189562170502
644	8.047189562170502
645	8.047189562170502
646	8.047189562170502
647	8.047189562170502
648	8.047189562170503
649	8.047189562170502
650	8.047189562170502
651	8.047189562170502
652	8.047189562170502
653	8.047189562170503
654	8.047189562170502
655	8.047189562170502
656	8.047189562170502
657	8.047189562170502
658	8.047189562170502
659	8.047189562170502
660	8.047189562170502
661	8.047189562170502
662	8.047189562170502
663	8.0471895621705
664	8.047189562170502
665	8.047189562170502
666	8.047189562170502
667	8.047189562170502
668	8.047189562170502
669	8.047189562170502
670	8.047189562170502
671	8.047189562170502
672	8.047189562170502
673	8.047189562170502
674	8.047189562170502
675	8.047189562170502
676	8.047189562170502
677	8.047189562170502
678	8.047189562170502
679	8.047189562170502
680	8.047189562170502
681	8.0471895621705
682	8.047189562170502
683	8.047189562170502
684	8.047189562170502
685	8.047189562170502
686	8.047189562170502
687	8.047189562170502
688	8.047189562170502
689	8.047189562170502
690	8.047189562170502
691	8.0471895621705
692	8.047189562170502
693	8.047189562170502
694	8.047189562170502
695	8.047189562170502
696	8.047189562170502
697	8.0471895621705
698	8.0471895621705
699	8.047189562170502
700	8.0471895621705
701	8.047189562170502
702	8.047189562170502
703	8.047189562170502
704	8.047189562170502
705	8.047189562170503
706	8.047189562170502
707	8.047189562170502
708	8.047189562170502
709	8.047189562170502
710	8.047189562170502
711	8.047189562170502
712	8.047189562170502
713	8.047189562170502
714	8.047189562170502
715	8.047189562170502
716	8.047189562170502
717	8.047189562170502
718	8.047189562170502
719	8.047189562170502
720	8.047189562170502
721	8.047189562170502
722	8.047189562170502
723	8.047189562170502
724	8.047189562170502
725	8.047189562170502
726	8.047189562170502
727	8.047189562170502
728	8.047189562170502
729	8.047189562170502
730	8.047189562170502
731	8.047189562170502
732	8.047189562170502
733	8.047189562170502
734	8.047189562170502
735	8.047189562170502
736	8.0471895621705
737	8.047189562170503
738	8.047189562170502
739	8.047189562170502
740	8.047189562170502
741	8.047189562170502
742	8.047189562170502
743	8.047189562170502
744	8.047189562170502
745	8.047189562170502
746	8.047189562170502
747	8.047189562170502
748	8.047189562170502
749	8.047189562170502
750	8.047189562170502
751	8.047189562170502
752	8.047189562170502
753	8.047189562170502
754	8.047189562170502
755	8.047189562170502
756	8.047189562170502
757	8.047189562170502
758	8.047189562170502
759	8.047189562170502
760	8.047189562170502
761	8.047189562170502
762	8.047189562170502
763	8.047189562170502
764	8.047189562170503
765	8.047189562170502
766	8.047189562170502
767	8.047189562170502
768	8.047189562170502
769	8.047189562170502
770	8.047189562170502
771	8.047189562170502
772	8.047189562170502
773	8.047189562170502
774	8.047189562170502
775	8.047189562170502
776	8.047189562170502
777	8.047189562170502
778	8.047189562170502
779	8.047189562170502
780	8.047189562170502
781	8.047189562170502
782	8.047189562170502
783	8.047189562170502
784	8.047189562170502
785	8.047189562170502
786	8.047189562170502
787	8.047189562170502
788	8.047189562170502
789	8.047189562170502
790	8.047189562170502
791	8.047189562170502
792	8.047189562170502
793	8.047189562170502
794	8.047189562170502
795	8.047189562170502
796	8.047189562170502
797	8.047189562170502
798	8.047189562170502
799	8.047189562170502
800	8.047189562170502
801	8.047189562170502
802	8.047189562170502
803	8.047189562170502
804	8.047189562170502
805	8.047189562170502
806	8.047189562170502
807	8.047189562170502
808	8.047189562170502
809	8.047189562170502
810	8.047189562170502
811	8.047189562170502
812	8.047189562170502
813	8.047189562170502
814	8.047189562170502
815	8.047189562170502
816	8.047189562170502
817	8.047189562170502
818	8.047189562170502
819	8.047189562170502
820	8.047189562170502
821	8.047189562170502
822	8.047189562170502
823	8.047189562170502
824	8.047189562170502
825	8.047189562170502
826	8.047189562170502
827	8.047189562170502
828	8.047189562170502
829	8.047189562170502
830	8.047189562170502
831	8.047189562170502
832	8.047189562170502
833	8.047189562170502
834	8.047189562170502
835	8.047189562170502
836	8.047189562170502
837	8.047189562170502
838	8.047189562170502
839	8.047189562170502
840	8.047189562170502
841	8.047189562170502
842	8.047189562170502
843	8.047189562170502
844	8.047189562170502
845	8.047189562170502
846	8.047189562170502
847	8.047189562170502
848	8.047189562170502
849	8.047189562170502
850	8.047189562170502
851	8.047189562170502
852	8.047189562170502
853	8.047189562170502
854	8.047189562170502
855	8.047189562170502
856	8.047189562170502
857	8.047189562170502
858	8.047189562170502
859	8.047189562170502
860	8.047189562170502
861	8.047189562170502
862	8.047189562170502
863	8.047189562170502
864	8.047189562170502
865	8.047189562170502
866	8.047189562170502
867	8.047189562170502
868	8.047189562170502
869	8.047189562170502
870	8.047189562170502
871	8.047189562170502
872	8.047189562170502
873	8.047189562170502
874	8.047189562170502
875	8.047189562170502
876	8.047189562170502
877	8.047189562170502
878	8.047189562170502
879	8.047189562170502
880	8.047189562170502
881	8.047189562170502
882	8.047189562170502
883	8.047189562170502
884	8.047189562170502
885	8.047189562170502
886	8.047189562170502
887	8.047189562170502
888	8.047189562170502
889	8.047189562170502
890	8.047189562170502
891	8.047189562170502
892	8.047189562170502
893	8.047189562170502
894	8.047189562170502
895	8.047189562170502
896	8.047189562170502
897	8.047189562170502
898	8.047189562170502
899	8.047189562170502
900	8.047189562170502
901	8.047189562170502
902	8.047189562170502
903	8.047189562170502
904	8.047189562170502
905	8.047189562170502
906	8.047189562170502
907	8.047189562170502
908	8.047189562170502
909	8.047189562170502
910	8.047189562170502
911	8.047189562170502
912	8.047189562170502
913	8.047189562170502
914	8.047189562170502
915	8.047189562170502
916	8.047189562170502
917	8.047189562170502
918	8.047189562170502
919	8.047189562170502
920	8.047189562170502
921	8.047189562170502
922	8.047189562170502
923	8.047189562170502
924	8.047189562170502
925	8.047189562170502
926	8.047189562170502
927	8.047189562170502
928	8.047189562170502
929	8.047189562170502
930	8.047189562170502
931	8.047189562170502
932	8.047189562170502
933	8.047189562170502
934	8.047189562170502
935	8.047189562170502
936	8.047189562170502
937	8.047189562170502
938	8.047189562170502
939	8.047189562170502
940	8.047189562170502
941	8.047189562170502
942	8.047189562170502
943	8.047189562170502
944	8.047189562170502
945	8.047189562170502
946	8.047189562170502
947	8.047189562170502
948	8.047189562170502
949	8.047189562170502
950	8.047189562170502
951	8.047189562170502
952	8.047189562170502
953	8.047189562170502
954	8.047189562170502
955	8.047189562170502
956	8.047189562170502
957	8.047189562170502
958	8.047189562170502
959	8.047189562170502
960	8.047189562170502
961	8.047189562170502
962	8.047189562170502
963	8.047189562170502
964	8.047189562170502
965	8.047189562170502
966	8.047189562170502
967	8.047189562170502
968	8.047189562170502
969	8.047189562170502
970	8.047189562170502
971	8.047189562170502
972	8.047189562170502
973	8.047189562170502
974	8.047189562170502
975	8.047189562170502
976	8.047189562170502
977	8.047189562170502
978	8.047189562170502
979	8.047189562170502
980	8.047189562170502
981	8.047189562170502
982	8.047189562170502
983	8.047189562170502
984	8.047189562170502
985	8.047189562170502
986	8.047189562170502
987	8.047189562170502
988	8.047189562170502
989	8.047189562170502
990	8.047189562170502
991	8.047189562170502
992	8.047189562170502
993	8.047189562170502
994	8.047189562170502
995	8.047189562170502
996	8.047189562170502
997	8.047189562170502
998	8.047189562170502
999	8.047189562170502
1000	8.047189562170502
