0	9.260731843273323
1	9.191103222714649
2	7.675611498642671
3	7.631601193099412
4	9.220431937163445
5	9.121530128866612
6	12.033109035536077
7	11.944443659468243
8	7.25462252170373
9	7.198431499045219
10	12.5885495035907
11	12.507866572857111
12	8.806431033349659
13	8.746097321774792
14	8.696224290568937
15	8.629453144947574
16	11.68385738632641
17	11.591012737309025
18	12.65472034641861
19	12.590815519500566
20	11.876774693691214
21	11.82424539148062
22	15.907614105591941
23	15.770976718558181
24	13.989954691220971
25	13.871862042588996
26	11.694421481603852
27	11.65203045187892
28	14.006603101809358
29	13.932912197212955
30	16.04780418858277
31	15.966800493003005
32	17.90900391108323
33	17.830889681854806
34	17.74967019319526
35	17.670714649878214
36	16.152158559594596
37	16.080940804293217
38	16.216117615959806
39	16.136915650861013
40	16.45678342572619
41	16.3343969922383
42	16.307150591044632
43	16.242723602212678
44	17.936875897662528
45	17.815104156333724
46	17.17462580998381
47	17.11306613887163
48	16.318978571421912
49	16.21605548936162
50	20.30325343409499
51	20.204004540744656
52	19.3516641941437
53	19.282650954030256
54	17.61078576104546
55	17.539581706200153
56	21.910234557342612
57	21.77877004725823
58	20.11851215792584
59	20.05529927874749
60	19.612598637678968
61	19.47751631644027
62	20.48725055922041
63	20.415141062355932
64	20.149580030010927
65	20.097937624774833
66	21.066593256041816
67	20.942724952833757
68	22.23019584424139
69	22.171584340926415
70	21.377929830293787
71	21.317588482760794
72	20.897206764403172
73	20.780716552154626
74	23.67378303224114
75	23.621097132954656
76	19.94218873159206
77	19.903534828012482
78	21.225924143120945
79	21.17194693303522
80	22.58201492806083
81	22.497865024472112
82	21.01790603430614
83	20.988688053235137
84	20.982744511533532
85	20.944645889932215
86	21.864020755195757
87	21.815367483623845
88	21.59871622156421
89	21.56564492468176
90	23.346006030518758
91	23.289298579841866
92	22.517990703870865
93	22.498776189068018
94	22.820132042852535
95	22.792896205172834
96	24.34469834590638
97	24.258841433895565
98	21.70309825996412
99	21.62486957903772
100	21.511835143288206
101	21.471923459421024
102	23.745890574682864
103	23.67237725831299
104	21.91806388850394
105	21.878397774182737
106	22.861246807765507
107	22.835391737976064
108	23.399248069754695
109	23.365367503554467
110	22.174665726451575
111	22.02142883904389
112	21.958124225032506
113	21.9255261954559
114	22.165875675643377
115	22.11525472696049
116	23.35982439061036
117	23.31371904075011
118	22.154821614951256
119	22.08947928539002
120	23.2788469855945
121	23.22010742935162
122	23.672524252628
123	23.63015868066083
124	22.22260108653641
125	22.200175345155273
126	22.30441164439297
127	22.27215309798573
128	23.548030916765466
129	23.50716607834519
130	23.00417539350151
131	22.95446832502111
132	23.365685113487157
133	23.318905827035255
134	22.105720528576775
135	22.063541160952795
136	23.50275443007319
137	23.479537877831508
138	23.104620938030404
139	22.955990477815934
140	24.852579278743843
141	24.769980493506328
142	25.42434575401168
143	25.388872302458317
144	23.47494247742304
145	23.384199579282132
146	22.595559181638645
147	22.532436244525858
148	22.622196622008463
149	22.585597530899612
150	23.46121215145287
151	23.448556906127855
152	23.99503942341867
153	23.948584544487254
154	22.0446591106428
155	22.03105049718402
156	22.327851210143123
157	22.287153661122904
158	22.1389844013968
159	22.098768002574918
160	23.625965507756675
161	23.543538392120077
162	24.8213854372766
163	24.751310787923003
164	24.03205396463311
165	24.00002896826249
166	22.351575112259365
167	22.309187213683458
168	22.604395874212802
169	22.569865020306207
170	23.134160548751606
171	23.04954615548424
172	23.076194012468413
173	23.007740346069447
174	22.256357754472546
175	22.231048281602895
176	21.95685486939838
177	21.897286095839288
178	23.26730194450917
179	23.17760098363705
180	23.127556125643167
181	23.084115844022122
182	24.129982395685794
183	24.102998216388002
184	23.963430120953372
185	23.916000412635025
186	23.24712676425837
187	23.22131848585384
188	24.425922911785012
189	24.321233320061904
190	23.496895131468214
191	23.40961042814662
192	23.371877058059983
193	23.32918733918883
194	23.409544522905467
195	23.34303298113472
196	22.839461450609907
197	22.774275531692492
198	24.2672077829596
199	24.223817656053868
200	22.82818455597783
201	22.79229604108814
202	23.259984970695314
203	23.191594669624052
204	24.043828394610724
205	23.971179276219008
206	22.777388092538686
207	22.733977210245065
208	23.4675433104324
209	23.35361660017662
210	22.93101733527825
211	22.902756195896654
212	22.961512117151628
213	22.91556528378263
214	23.182199397142526
215	23.140861740436826
216	23.487950700979354
217	23.341282501172447
218	22.541989991657648
219	22.52388402549351
220	23.041382049005765
221	23.004423858312393
222	22.9971204897396
223	22.95279569229875
224	22.8554960267034
225	22.837188027909203
226	24.022540249397377
227	23.98888136117885
228	22.652729885032883
229	22.62253364722762
230	23.947580050951412
231	23.920957405349128
232	23.489662361151286
233	23.450314084972437
234	22.986225474372322
235	22.93170372021295
236	23.501238266790114
237	23.470296448789124
238	23.21458805309873
239	23.173775019760647
240	23.19293868327023
241	23.132761905160915
242	22.89452479969114
243	22.885641816187412
244	23.425654947237373
245	23.38377193368874
246	22.9955482545792
247	22.934786472779574
248	23.179246718872008
249	23.149672053636998
250	22.574139792143306
251	22.52414733859788
252	22.664950602288084
253	22.6118671992763
254	23.607257153364753
255	23.56171295271583
256	23.19618266089889
257	23.174413431252574
258	23.337444066407325
259	23.30824788247492
260	24.352009782445077
261	24.31311113792338
262	24.211176868228076
263	24.1717164118068
264	22.897962220808125
265	22.856955643462893
266	22.49637564318107
267	22.396268491858038
268	23.442401230466864
269	23.280067717694596
270	22.736131685565407
271	22.701392148449333
272	23.340541048834897
273	23.255866655981485
274	23.570628231025722
275	23.47836831363597
276	22.892195319674016
277	22.874869672247236
278	23.418254024993256
279	23.38053956811071
280	23.567986459924704
281	23.45100159680833
282	22.486607724612522
283	22.470065476437895
284	22.826137365358274
285	22.78190401156876
286	23.56220493699079
287	23.524631171213578
288	23.06328180412517
289	23.024001057558095
290	22.842260131469704
291	22.743350285692568
292	22.744433746985802
293	22.707785159633204
294	24.4796894542681
295	24.445755810162918
296	23.020979681605933
297	23.000783889935924
298	22.789033984589953
299	22.76055139782324
300	22.905071131404465
301	22.80542894408432
302	23.114176339427022
303	23.04368652925851
304	23.029483464808514
305	22.94167593693446
306	23.254086251867584
307	23.191707433201596
308	23.566365617146797
309	23.464967943129867
310	23.401453191652134
311	23.371953499838742
312	24.187548226278896
313	24.164367383024025
314	23.639929832710575
315	23.609700497138515
316	24.639904553685568
317	24.608684524992665
318	22.874337880254544
319	22.83036397542426
320	23.437985682761028
321	23.37851655606661
322	23.70188348900186
323	23.647794668829324
324	23.452434195514083
325	23.407139493285918
326	23.189547309825468
327	23.109692013370054
328	23.29810277425538
329	23.28959967729158
330	23.27630062382024
331	23.23775834285011
332	22.578240208680576
333	22.533867973421966
334	23.280502822418494
335	23.247125360787056
336	22.91769830315871
337	22.903781420314402
338	22.98367154038128
339	22.973245045487985
340	23.188327522632566
341	23.134512305923508
342	23.354293122690592
343	23.267576579777998
344	23.439303546510896
345	23.394824382888473
346	24.34358330929542
347	24.305846493450726
348	23.166426096919526
349	23.122343152752578
350	23.323243205545232
351	23.28585080904515
352	22.897074439742305
353	22.84774826878614
354	23.300443844153214
355	23.208837932986803
356	22.77141832682356
357	22.711609636860622
358	22.438938831114882
359	22.38044824030348
360	22.86546451082214
361	22.853288476554617
362	23.324220686544432
363	23.256524347842817
364	22.420153041560244
365	22.33637373365309
366	22.57783194734968
367	22.536486431223118
368	22.55495593016994
369	22.52574897275095
370	22.795969440275243
371	22.76823322544411
372	23.108143285873876
373	23.036055285064286
374	22.94047960680894
375	22.88668300739711
376	23.73901379434936
377	23.66157365301092
378	23.484987192145695
379	23.446025374162915
380	23.44358528790773
381	23.41272452881315
382	23.09328562739465
383	23.06481227052815
384	23.479831097033138
385	23.461202445665048
386	23.557632397244788
387	23.530843105885022
388	23.58526717153682
389	23.56087935637889
390	24.196503984667647
391	24.127614068704926
392	24.62575188165821
393	24.526864570213185
394	23.205107619338488
395	23.18578106426628
396	23.684901135091643
397	23.64628904164038
398	23.38741428455049
399	23.34777365715539
400	23.30611094239911
401	23.246468564507232
402	24.255626526616386
403	24.18948326887454
404	24.7201525012026
405	24.692355111700376
406	22.8321767529929
407	22.796398086406388
408	23.422615105496952
409	23.383250767818875
410	22.87858335941454
411	22.841646402624264
412	23.435796605737284
413	23.38428378767445
414	23.478852310189332
415	23.43384966928032
416	23.395069159998453
417	23.381509926800685
418	24.02897236367538
419	23.958386171751517
420	22.52788521154135
421	22.477611543368624
422	23.437272852513566
423	23.41045217900957
424	22.81290763438593
425	22.759306341128635
426	24.279260659254984
427	24.24912855262387
428	23.26239743080602
429	23.217537592437015
430	23.255244115296247
431	23.207769211571215
432	22.990185675835704
433	22.949463870934288
434	23.132681988549315
435	23.09603172861912
436	22.948669794749968
437	22.906400388382053
438	23.145414509059492
439	23.116620669361748
440	26.08017888214748
441	26.00579571342087
442	23.438060509917847
443	23.41225767790278
444	23.338330035362947
445	23.309475733446202
446	23.018351096811834
447	22.995409126960862
448	23.66091082037189
449	23.63468523013385
450	23.198838011222445
451	23.176546376858187
452	23.681237014392483
453	23.62646030045204
454	23.58608880442055
455	23.51192955198565
456	23.82489167624138
457	23.738341927957837
458	23.285022940362524
459	23.267682834460338
460	23.540910692943562
461	23.506090079350788
462	24.836544237473845
463	24.808839058753062
464	23.559184788964235
465	23.53432804608496
466	23.596077017636812
467	23.579929565774968
468	23.19640819801423
469	23.166882230415236
470	23.391945580962282
471	23.358734205484783
472	23.686767633652753
473	23.636055061388117
474	24.44059522866197
475	24.42065548507867
476	23.454470175472665
477	23.440791562988288
478	23.454339838360326
479	23.40886626722645
480	23.41511483844689
481	23.385627741706017
482	23.560632867335645
483	23.50918053781449
484	23.26734969250732
485	23.224673575287213
486	23.435158005140064
487	23.407055375351987
488	22.981883147023442
489	22.961249590440936
490	23.351561535671102
491	23.291327423167964
492	23.342079691218625
493	23.24520056959846
494	23.30435887732618
495	23.29320092881426
496	23.456375290630994
497	23.433521881563056
498	23.51962458300101
499	23.481008435167286
500	23.488652854526933
501	23.46587733489615
502	23.59853989306637
503	23.57245089396753
504	23.47331516284841
505	23.464187462759966
506	23.105065078474748
507	23.08228665248561
508	23.466378760961092
509	23.421998071498024
510	23.306796004548602
511	23.286615171628092
512	23.298637200894238
513	23.250771828301648
514	23.317537438599288
515	23.224331957753233
516	23.377100321945715
517	23.329949086262904
518	23.51054056213582
519	23.459961193664725
520	24.644705982580412
521	24.612284076646656
522	23.34792498514892
523	23.2930937511658
524	23.51588829134631
525	23.391553563720688
526	23.23014773382518
527	23.168591686480138
528	23.407654759869835
529	23.36053557031825
530	23.094414673431498
531	23.07621987789738
532	22.777142181934057
533	22.712462525700218
534	23.35658753803414
535	23.312649407230396
536	23.034309197772405
537	22.999701131445036
538	23.31734653059227
539	23.245575717165625
540	23.163363103507013
541	23.11643906405912
542	22.84069649262626
543	22.8117087884573
544	22.83179518011185
545	22.820166749919412
546	23.018100375974235
547	22.96731930135647
548	23.078207718783673
549	23.054555931446675
550	23.325422302350894
551	23.251088320989037
552	23.866037790628805
553	23.78541233408924
554	23.359421794080927
555	23.281127266545482
556	23.623601800900342
557	23.56612224763165
558	23.279637476620106
559	23.226084308648357
560	23.27332889757525
561	23.242664568860082
562	23.499191919339683
563	23.4857386540351
564	23.836026532784977
565	23.76849637764375
566	23.359202519957968
567	23.340856646867042
568	23.26802197945166
569	23.239936284698764
570	23.349725572799652
571	23.317455797228185
572	23.469740343400296
573	23.42791874566137
574	23.386509483963604
575	23.333453091758805
576	23.178715384416147
577	23.11637644886744
578	23.19896227459898
579	23.16949732838912
580	23.066158461564775
581	23.006554703986893
582	22.975845682264755
583	22.890194303417942
584	23.303163598040697
585	23.24902541232288
586	23.3720488712552
587	23.32207218108669
588	23.009836124677342
589	22.995249338976873
590	23.271453924239328
591	23.263409402473034
592	23.454559582759895
593	23.358239369505537
594	23.539474305884728
595	23.513524694935203
596	23.244646654733494
597	23.229109296442427
598	23.6733625220929
599	23.61738071485273
600	23.481726177006347
601	23.440922676362092
602	23.68113748469528
603	23.64192985409258
604	23.376056558312797
605	23.362634137100518
606	23.684666146130667
607	23.611529294901096
608	23.16320963803399
609	23.090334486784524
610	23.390167455548802
611	23.32637127617064
612	23.054415990741937
613	23.001460751998742
614	23.05085188252417
615	23.024085664433684
616	23.42101369888115
617	23.39216690333576
618	22.926554667286133
619	22.888981804175472
620	23.487079188445026
621	23.46113386756389
622	23.341273672255053
623	23.299051222946495
624	23.304582742828085
625	23.23042835939989
626	23.51863776662901
627	23.426969973109927
628	23.746961557116204
629	23.707738852380043
630	23.544716423317755
631	23.509115218360186
632	23.679739016285257
633	23.64985227309133
634	23.304519514676
635	23.294553386875943
636	23.382104563847317
637	23.319623532650247
638	23.518998001406175
639	23.48220159286904
640	23.237330168607397
641	23.198595284188155
642	23.324841137082377
643	23.286679785698738
644	23.103587647519902
645	23.043846149632724
646	23.718034689277562
647	23.620978011773676
648	23.56882344599205
649	23.51229122021904
650	23.342406497132597
651	23.3229134300168
652	23.196628103538796
653	23.170201684815478
654	22.92127683588855
655	22.83505138457187
656	24.22836158171235
657	24.214606985694523
658	23.378721169331374
659	23.349109834925088
660	23.147686426921677
661	23.105804595755327
662	22.690135397774434
663	22.618143443660838
664	22.9044330557763
665	22.877177135652982
666	22.5151513737291
667	22.49938972191529
668	23.494813667539187
669	23.412095232363097
670	23.38950993895565
671	23.34691473242952
672	23.533811323216845
673	23.47075183583221
674	24.422127723185774
675	24.32386086121761
676	23.598360683370267
677	23.553611580709795
678	23.0099759774941
679	23.001856436484296
680	23.63242089816599
681	23.550150129616526
682	23.42123741195676
683	23.359844712161376
684	23.311086130260392
685	23.27129644213208
686	23.636076710407565
687	23.54040938299486
688	23.359152161865595
689	23.286110665864012
690	23.31115467094517
691	23.284455708275534
692	23.3766598673647
693	23.340075711021683
694	23.05316293438055
695	23.009068246694632
696	23.400562681078938
697	23.3167598315841
698	23.554602631032978
699	23.478705718509723
700	23.402420922937218
701	23.334883988077806
702	23.443390987135107
703	23.373178773771908
704	23.26177180016538
705	23.203530789892312
706	23.64309023341486
707	23.58966490981043
708	23.469440527908215
709	23.429086651212653
710	25.026498002597467
711	24.927974582306415
712	23.549813488612898
713	23.53678111858536
714	23.26348848129909
715	23.183961212623867
716	23.23305496542213
717	23.200839674010982
718	22.960759507406337
719	22.947277782522118
720	23.46989313658832
721	23.444368335257725
722	23.507463200829452
723	23.461064368131424
724	24.36530889097183
725	24.32274079652968
726	23.097875048211783
727	23.08026738932251
728	23.299848351494237
729	23.242506442084196
730	23.279288763564235
731	23.240995214014717
732	23.336274200590164
733	23.292523164772135
734	23.572833966474086
735	23.547657564582714
736	23.482933306946897
737	23.418681233307463
738	23.548726549882524
739	23.499569426158256
740	23.381103905412644
741	23.33400460824771
742	23.428913688628654
743	23.404542253221422
744	22.970191678518074
745	22.92124272060722
746	23.041427168165832
747	23.02315304222723
748	23.470337504865093
749	23.436972680207987
750	23.114346893548365
751	23.097759657578774
752	23.421454801332956
753	23.402701014300806
754	23.08757775062216
755	23.07276278721913
756	24.49361885308595
757	24.4441621411438
758	23.319661136341452
759	23.298941116428846
760	24.647923155694286
761	24.575816038000532
762	23.73099672162526
763	23.69449347094935
764	23.790272082558598
765	23.729821177156342
766	23.076140055820215
767	23.048038012250966
768	23.278275636747246
769	23.25282208426711
770	23.82237513807013
771	23.727433923962234
772	23.510863122010747
773	23.470370554550385
774	23.16682797497836
775	23.151632685515292
776	24.722625845321055
777	24.636386972981185
778	23.352122187586346
779	23.296966053738174
780	23.522960315523452
781	23.47329416801463
782	23.044293313279805
783	23.03106668699771
784	23.444521062899735
785	23.398041724029394
786	24.584964071994037
787	24.560669990857665
788	23.310406724610967
789	23.288922113524787
790	24.714523618608197
791	24.66749939377275
792	23.338049357835192
793	23.26689370769745
794	23.498218406997324
795	23.478875896445725
796	25.847274978691086
797	25.79760949130918
798	23.323746907726868
799	23.29762316517541
800	23.429169075125746
801	23.369837161732253
802	22.97476971278964
803	22.956927813508475
804	23.218327717462312
805	23.189965762142734
806	23.514973880480152
807	23.42318975047572
808	23.38973011043522
809	23.337840216820002
810	23.43144366417078
811	23.370607137869097
812	23.677878287449243
813	23.598032843947962
814	24.630796251400668
815	24.589225367070977
816	23.375681753167836
817	23.334412460250732
818	23.418471719767012
819	23.409097592656767
820	23.216716185816747
821	23.180491595690565
822	23.30602214911203
823	23.291430401733322
824	22.953419468220368
825	22.916436328142286
826	23.511941176422816
827	23.47229777207979
828	23.49877308000489
829	23.459137747746077
830	22.965789298983374
831	22.903948669145556
832	23.043610104641544
833	23.019054401799735
834	23.221738303893375
835	23.207014835571364
836	23.418751520665673
837	23.38997097728557
838	23.251658036999935
839	23.21957294919568
840	23.47347994215152
841	23.432361541808852
842	23.268304573866207
843	23.23369670902027
844	23.410311502917786
845	23.39021072788446
846	23.56158896330303
847	23.520163668875554
848	23.306442367528692
849	23.282754306410247
850	24.37006914687663
851	24.31318856311182
852	23.221625992374275
853	23.170521454375862
854	23.341375652183533
855	23.27852175684234
856	23.57943061984852
857	23.506684896227704
858	23.27401480730251
859	23.221663799907493
860	23.217155429515564
861	23.09524831250979
862	23.15546962544144
863	23.118448737375
864	23.375457836208003
865	23.354172802780695
866	23.494060349599522
867	23.454457064158007
868	23.386261597701292
869	23.342870431839508
870	23.525740812084095
871	23.47998662500284
872	23.362318169334877
873	23.34529062961806
874	22.9681901369924
875	22.94280400026285
876	23.414022364482676
877	23.38714789224865
878	23.491050553095842
879	23.458321493786404
880	23.294074618365595
881	23.248456377157712
882	23.007141917398176
883	22.989843814636412
884	24.65448980607967
885	24.61884893579807
886	22.993904123414044
887	22.950559001000933
888	23.30692536124815
889	23.284439831641702
890	23.512532438856343
891	23.46173672327689
892	23.632044457561467
893	23.543487944586655
894	23.176630582879362
895	23.14506848195988
896	23.458025970995212
897	23.4430641671419
898	23.405331399123856
899	23.372778811906603
900	23.013429214275078
901	22.93241060631365
902	23.086046918070277
903	23.03272585138382
904	23.44726325074225
905	23.381882570460466
906	23.51517736217486
907	23.450218079011
908	23.327432304446372
909	23.218291673588755
910	23.293747873758598
911	23.268148151473717
912	23.272010003889605
913	23.2373055786972
914	23.317653573019733
915	23.303689290334734
916	23.557509330638922
917	23.477529257164193
918	23.33677534983894
919	23.323192102433904
920	23.427330611674297
921	23.368014482398944
922	23.25915245017079
923	23.220863980447945
924	23.395422993824095
925	23.361968110208633
926	22.98025573554963
927	22.97143473882682
928	23.310074626885395
929	23.281173197046428
930	23.427624601262966
931	23.37724767012878
932	23.495004701388776
933	23.46219299368659
934	23.176545332876703
935	23.137337562521083
936	23.363526389025903
937	23.3409324007128
938	23.15389022027229
939	23.124661219763865
940	23.56336803831533
941	23.485050241333592
942	23.179689361069762
943	23.145706847899202
944	23.258147780518225
945	23.224316176610966
946	23.445524345168966
947	23.38401436167604
948	23.327677759039045
949	23.282399426809693
950	23.214729146871175
951	23.19029273769127
952	23.636513390301594
953	23.580101183838483
954	23.49239876968632
955	23.47080958396186
956	23.37453487884413
957	23.326325621470364
958	23.632637764177716
959	23.60697806398199
960	23.6105332166992
961	23.58592735021044
962	23.452939459653628
963	23.440651944358027
964	23.45424218904176
965	23.429664269542023
966	23.059135517416763
967	22.971642952362977
968	23.30097344274569
969	23.268012786396362
970	23.027889433123345
971	22.998056713357823
972	23.090448876859895
973	23.05130349285696
974	23.738614657662765
975	23.65734189400293
976	24.642088167911133
977	24.608163877348595
978	23.35394301257908
979	23.29369706314299
980	23.536173043122186
981	23.43358715162976
982	23.396307880215723
983	23.34029269138198
984	23.268220722016245
985	23.243003859544633
986	23.376962924220123
987	23.351620708852103
988	25.567573511132277
989	25.5177058339552
990	23.513477434090692
991	23.498221846639318
992	23.573212088767875
993	23.532706834469447
994	23.56331048304281
995	23.47015583383055
996	23.57738482484441
997	23.528924766736512
998	23.48330056292453
999	23.456557554423483
1000	23.589589187631745
1001	23.531647960053153
1002	23.505231916646853
1003	23.444384177072447
1004	23.35183773932736
1005	23.305547671978147
1006	23.43676970900336
1007	23.410268773482034
1008	23.64942829719202
1009	23.609526933420447
1010	23.28764917702097
1011	23.266378251068904
1012	23.461578832026436
1013	23.429923847667006
1014	23.21496549324055
1015	23.135799458783055
1016	23.0431871683077
1017	23.028253531178965
1018	23.338263761405923
1019	23.306237352716145
1020	23.212125758807957
1021	23.18621854306122
1022	24.412432191084353
1023	24.384349167019547
1024	23.235438085496426
1025	23.196992150072592
1026	23.308263772422915
1027	23.299757556902637
1028	23.157806229191234
1029	23.123278972634495
1030	24.27010654511225
1031	24.253976761471137
1032	24.57213087317901
1033	24.52425241094878
1034	22.99854369530006
1035	22.983496177297827
1036	23.198244288127732
1037	23.124122364851065
1038	23.41568998699716
1039	23.37444046191066
1040	23.472347674431752
1041	23.403128795343147
1042	23.609201756747897
1043	23.58655957624832
1044	23.42453887631687
1045	23.402416515502296
1046	23.718364348863613
1047	23.608188135067405
1048	23.63457405559514
1049	23.58593740947837
1050	23.392701948923357
1051	23.347640595372482
1052	23.386319187658305
1053	23.355142887899696
1054	23.390961246023718
1055	23.377117846722367
1056	23.48452957150906
1057	23.43238563212631
1058	23.202835621041217
1059	23.12252443378543
1060	23.257279655376543
1061	23.233814370805508
1062	23.217855855297245
1063	23.208062294772983
1064	22.956089241617242
1065	22.928103624152218
1066	23.56958673281008
1067	23.520952736922972
1068	23.274446719686097
1069	23.248740840809738
1070	23.6493619337332
1071	23.59909973490766
1072	23.484606595305475
1073	23.4481142947279
1074	24.674032870812272
1075	24.532489108491564
1076	23.52048785979851
1077	23.47705060874872
1078	23.782576044529797
1079	23.679123613557568
1080	23.37990167510733
1081	23.327143221491635
1082	23.63766833955449
1083	23.57456306332917
1084	23.747929757303368
1085	23.67975443397272
1086	24.562179115986194
1087	24.538227344441424
1088	23.72102936418341
1089	23.674040044821208
1090	23.50107749646062
1091	23.473464192772763
1092	23.52961193862536
1093	23.469153161700447
1094	23.485384403185616
1095	23.458072942523387
1096	23.063416707053968
1097	22.973064138410415
1098	23.095951583649516
1099	23.067824585977892
1100	22.83949655239163
1101	22.81935856187512
1102	23.34505701156511
1103	23.312151562811238
1104	23.107479741231973
1105	23.07142721275505
1106	23.113442431948233
1107	23.08657326874384
1108	23.400358294245592
1109	23.383393789503604
1110	23.222928023840886
1111	23.206089565317413
1112	24.258476661412214
1113	24.221029738122848
1114	23.13392309351242
1115	23.111839642019692
1116	23.361281300449182
1117	23.33722808945452
1118	23.48698277116732
1119	23.429690985222987
1120	24.817959383543858
1121	24.752288854408626
1122	23.513185642957964
1123	23.499044680751737
1124	23.388829276997217
1125	23.354047063305476
1126	23.402070345305077
1127	23.358346541646707
1128	23.321600394788515
1129	23.294578258875756
1130	23.46709407245225
1131	23.4287290381441
1132	23.411474664075556
1133	23.375787047855624
1134	23.465868571019097
1135	23.44935043321028
1136	23.697290385208614
1137	23.6283130549143
1138	23.63099028545155
1139	23.57300690342579
1140	23.4256154112422
1141	23.39376129909424
1142	24.792109576535676
1143	24.72983347872202
1144	23.176042069544724
1145	23.168283798012684
1146	23.546923872134048
1147	23.50533568205256
1148	22.97361381213877
1149	22.914595416366616
1150	23.529195565097307
1151	23.44007239033497
1152	23.49049908593235
1153	23.47897093538921
1154	23.42058888632786
1155	23.37032370205132
1156	23.530983385385998
1157	23.462055814400657
1158	23.369320787993917
1159	23.321241332547938
1160	23.607884658918312
1161	23.587645349912588
1162	23.364346807547555
1163	23.279305566267496
1164	23.376459359442528
1165	23.33977974861703
1166	23.472006486737552
1167	23.441501939505606
1168	23.421544710453695
1169	23.402971952443373
1170	23.56105704406627
1171	23.522540493834057
1172	23.235854746124293
1173	23.199213645981423
1174	23.490453143742503
1175	23.457004427412286
1176	23.49671618287712
1177	23.488957269838366
1178	23.59492048545714
1179	23.56664482737414
1180	23.466580515294524
1181	23.446967888257614
1182	23.466537124561018
1183	23.448722898732186
1184	23.262476512563396
1185	23.227507237478388
1186	23.248256439401548
1187	23.234886637344204
1188	23.63136016679619
1189	23.578040701934306
1190	23.487719157517212
1191	23.439446189339648
1192	23.579152021647527
1193	23.56993932288272
1194	23.564386693838284
1195	23.546262180054672
1196	23.625796761840657
1197	23.566931973094054
1198	23.528236569913158
1199	23.488053433234526
1200	23.654861180267567
1201	23.5563123616727
1202	23.308035513261615
1203	23.26202281142447
1204	23.450420442601246
1205	23.418772403574216
1206	24.889160931008657
1207	24.856187552507873
1208	24.647346521368167
1209	24.613026118559098
1210	23.60184646854597
1211	23.568322142640742
1212	23.407369446556558
1213	23.334757708839305
1214	23.392446571797887
1215	23.37175596534075
1216	23.62608951008976
1217	23.52791509847366
1218	23.248497910552853
1219	23.238486306914275
1220	23.502502587363
1221	23.441139003261632
1222	22.985796226224508
1223	22.945258935241014
1224	23.527972605767783
1225	23.469431735578592
1226	23.074964161545154
1227	23.036851507332635
1228	23.60748654182915
1229	23.5079602684286
1230	23.34713136294233
1231	23.316203090572166
1232	23.119969926323446
1233	23.08774366169296
1234	23.268672439811294
1235	23.227038735968772
1236	22.723769030557733
1237	22.69560117876975
1238	23.532606089608272
1239	23.458657857282645
1240	23.42799719233379
1241	23.37389113212086
1242	23.688945372249606
1243	23.61129604653212
1244	23.408654584351545
1245	23.37006461030848
1246	23.268991148315653
1247	23.25764051200601
1248	23.55338357167436
1249	23.536977818660564
1250	23.67363693739003
1251	23.619362830480615
1252	23.575535754818034
1253	23.532449948761123
1254	24.51259017453222
1255	24.472506793548717
1256	23.41400519333683
1257	23.348229644623054
1258	23.3180993839731
1259	23.285906814699757
1260	23.28897227588613
1261	23.270016299093147
1262	23.464804064668296
1263	23.436053783025386
1264	23.46983495785051
1265	23.42589426748476
1266	23.318684689011793
1267	23.30074850625757
1268	23.209059194556136
1269	23.187206484706866
1270	23.445700920555936
1271	23.409832799605606
1272	23.612063364112856
1273	23.59004066380177
1274	23.175251353524473
1275	23.14841496045916
1276	23.141458080354884
1277	23.107551098875685
1278	23.297651639970624
1279	23.244847334278344
1280	23.12285962698556
1281	23.059816150893617
1282	23.29188968879953
1283	23.212909266683948
1284	23.185071942535114
1285	23.136993476970797
1286	23.19753724780406
1287	23.139866622728952
1288	23.443606437812882
1289	23.411959400361674
1290	23.56098788473831
1291	23.505319504603793
1292	23.73451424234796
1293	23.6643663739246
1294	23.452113195406174
1295	23.407762997334007
1296	23.567219372320874
1297	23.489226338244094
1298	23.395560821672557
1299	23.346791035413197
1300	23.62502915687839
1301	23.604292058059816
1302	24.549310511005583
1303	24.511833800308118
1304	23.545653562321412
1305	23.481623505694134
1306	23.811713472977797
1307	23.75697170035947
1308	23.314295258414155
1309	23.278735107452412
1310	23.66194916483095
1311	23.626681339296947
1312	23.558446265276046
1313	23.545213631621742
1314	23.598935911425947
1315	23.568127124509633
1316	23.253686559368358
1317	23.198135352009096
1318	23.574502616346795
1319	23.544648560680308
1320	23.347403749635205
1321	23.32442187851666
1322	23.63248685858374
1323	23.571321600143452
1324	24.791753663875795
1325	24.750686092593693
1326	23.679407086577946
1327	23.642346909005152
1328	23.437881277477224
1329	23.414733413959915
1330	23.657065380844823
1331	23.602514009622862
1332	23.421149866391392
1333	23.387424694667644
1334	23.2828738621539
1335	23.233120231617427
1336	23.45540703722392
1337	23.393191008531048
1338	23.027087128740224
1339	22.98161528106089
1340	23.166956835613487
1341	23.152965525298537
1342	23.24011879162561
1343	23.151366670842915
1344	23.44299242741912
1345	23.41594799228441
1346	23.358178169732895
1347	23.342911988682896
1348	24.572773720518867
1349	24.541664256020127
1350	23.52891461119692
1351	23.487721174369003
1352	23.509247418020347
1353	23.477770294198518
1354	23.527910233994106
1355	23.493897063781656
1356	23.38777409956002
1357	23.33923478686251
1358	23.20868893647471
1359	23.11859415437675
1360	23.623034579651684
1361	23.57180292358058
1362	23.269777255619367
1363	23.21683103629786
1364	23.577522167780064
1365	23.53339011281133
1366	23.32241086121891
1367	23.272620382526917
1368	23.283018909835793
1369	23.21159913159719
1370	23.239911864227953
1371	23.19729361115627
1372	23.594724937587554
1373	23.51327265778787
1374	23.445646731792714
1375	23.39097084078092
1376	23.547189992482863
1377	23.518839021259737
1378	23.33685249862413
1379	23.301064742172198
1380	23.392904931277698
1381	23.366428714966936
1382	24.722469767291813
1383	24.704397066910378
1384	23.441876098971324
1385	23.418562244419995
1386	23.43579642828622
1387	23.39529461319796
1388	22.832970189901953
1389	22.805245922132467
1390	23.42380014436107
1391	23.375439660657488
1392	23.294252657912363
1393	23.18719891498252
1394	23.004710297202152
1395	22.96790340215127
1396	23.059546659908484
1397	23.02447961680978
1398	23.198946560211702
1399	23.16695866888935
1400	23.331676292325923
1401	23.269282320639082
1402	23.245792594841515
1403	23.231898248132275
1404	23.436246856687898
1405	23.401751672958085
1406	23.454712680486995
1407	23.432417168541146
1408	23.56232742474628
1409	23.511888961099654
1410	23.650215383138807
1411	23.601412268754984
1412	23.5828233907437
1413	23.5171708959234
1414	23.30918134022421
1415	23.279058007613845
1416	23.499369234342165
1417	23.392185074194
1418	23.293792006079276
1419	23.24191702679517
1420	23.490334944836682
1421	23.430965412076493
1422	23.51287170141388
1423	23.469905454743525
1424	23.179738606470828
1425	23.112590940534666
1426	23.36102908597306
1427	23.284664609794294
1428	23.50627369704893
1429	23.477661164038793
1430	23.74433845086478
1431	23.678939522707033
1432	23.215998267389086
1433	23.12211604563306
1434	23.602892778737527
1435	23.567608418563882
1436	23.3005879233752
1437	23.28334059604604
1438	23.430027027230317
1439	23.421293833669438
1440	23.099943522470248
1441	23.047257517742683
1442	23.826504030492924
1443	23.736705154063362
1444	23.631481568517295
1445	23.570338078897425
1446	23.45789402886633
1447	23.395982475652914
1448	23.378369468146076
1449	23.361524438005517
1450	23.28580743540572
1451	23.26156176258873
1452	23.282202411449635
1453	23.250039910597085
1454	23.066838483433767
1455	23.051408325320075
1456	23.629519151513236
1457	23.593217448485756
1458	23.514581983105487
1459	23.498411933142634
1460	23.46320166318704
1461	23.442558169016912
1462	23.380965161295798
1463	23.287116238344442
1464	23.44754150560876
1465	23.414869486796746
1466	23.305536354360008
1467	23.285231805631057
1468	23.626839478419523
1469	23.52766813295338
1470	23.580621170183118
1471	23.54838764705437
1472	23.39363562667724
1473	23.307331803112124
1474	23.44309349979569
1475	23.427912905558607
1476	23.454579347626787
1477	23.42738582108929
1478	23.73837744509405
1479	23.67162547221687
1480	23.589398524717552
1481	23.567451528566977
1482	23.400531695491928
1483	23.30586651767316
1484	25.420113355053967
1485	25.37158244333045
1486	22.85140023759818
1487	22.814566303415145
1488	22.912775587394353
1489	22.841399198855637
1490	22.739489774932885
1491	22.683006578038718
1492	23.157324881458027
1493	23.085495673211078
1494	23.11480284105011
1495	23.07022412143577
1496	22.910962925012274
1497	22.881413419658525
1498	23.37867218709065
1499	23.347473873434442
1500	23.120956786370826
1501	23.113563095059586
1502	24.747309629259952
1503	24.68808105413073
1504	23.370332450750656
1505	23.340009675818262
1506	23.465619280920723
1507	23.433032944915336
1508	23.089224057889535
1509	23.033451469973446
1510	23.32660217703532
1511	23.30220489059042
1512	23.801311937016877
1513	23.717707547385853
1514	23.357971691397367
1515	23.32736179886902
1516	23.247654938985875
1517	23.137794288566997
1518	23.104417936728993
1519	23.041885369074176
1520	23.686846898175887
1521	23.611171458142106
1522	23.66692503384805
1523	23.62290541419077
1524	23.455860606235436
1525	23.432694931082107
1526	23.469746428660272
1527	23.418193567085247
1528	23.360633159924753
1529	23.348018806259635
1530	23.078340213459043
1531	22.998973969416937
1532	23.3923695745255
1533	23.343153622138477
1534	24.222554365101647
1535	24.167876094557986
1536	23.31818366093293
1537	23.275573323290825
1538	23.335004120032142
1539	23.29456566725215
1540	23.580146827076128
1541	23.515221148682716
1542	23.4053157977474
1543	23.3688566432303
1544	23.105874095452887
1545	23.094814710957603
1546	23.189285385349944
1547	23.135697726843404
1548	22.957716279515058
1549	22.93805036041384
1550	23.370276578478194
1551	23.30256136198148
1552	23.349809097329278
1553	23.306824920354497
1554	23.304205728980104
1555	23.262961815453618
1556	23.37908011085812
1557	23.291800587125863
1558	23.582072228931942
1559	23.517266696337735
1560	23.605493202527636
1561	23.542354390004615
1562	23.516207666067434
1563	23.502039852911313
1564	23.120164286086975
1565	23.08672041073657
1566	23.471816067763964
1567	23.435455154821124
1568	23.586520931011574
1569	23.562911025703503
1570	23.459101300436487
1571	23.431110366645125
1572	23.490070418385585
1573	23.46653571751713
1574	23.44641332020706
1575	23.42370075316775
1576	23.597184388610923
1577	23.535955023864684
1578	23.48840417709808
1579	23.425756374053254
1580	23.381888404654433
1581	23.344391952811165
1582	23.658188720817343
1583	23.601785407661342
1584	23.327321379653064
1585	23.28337904317157
1586	23.150798453806427
1587	23.113763987250334
1588	23.627356237766076
1589	23.557805368677652
1590	23.36195499374098
1591	23.32297601781394
1592	23.539847671643617
1593	23.51273910792874
1594	23.352984880453295
1595	23.3264283947962
1596	23.415132793668473
1597	23.375129795400127
1598	23.22606598357186
1599	23.18139169951909
1600	22.911006165093404
1601	22.87897746850868
1602	23.206555575621746
1603	23.181349896809618
1604	23.15081430781375
1605	23.132927231282217
1606	23.542931809827447
1607	23.477339530318673
1608	23.421277660770585
1609	23.387199298006234
1610	23.71204614532147
1611	23.64535157771127
1612	23.25791739065276
1613	23.243908061904154
1614	23.63845287512129
1615	23.604778101618635
1616	23.364990871995055
1617	23.29060714826231
1618	23.429714457863994
1619	23.357844012864902
1620	24.70267704006315
1621	24.652178338537507
1622	23.495644963993204
1623	23.47265222135647
1624	23.534579088851228
1625	23.501593428567578
1626	23.554504778481277
1627	23.545724459023813
1628	23.651363691729333
1629	23.619905327141737
1630	23.665535250369814
1631	23.62539355884447
1632	23.22462100149275
1633	23.19694039920928
1634	23.416606640622323
1635	23.399994196884112
1636	23.398479425622515
1637	23.354403486460676
1638	23.274643959452202
1639	23.241196538345868
1640	23.294403714040186
1641	23.273968341537756
1642	23.396424434239634
1643	23.355572962725102
1644	23.065775444212285
1645	23.03719134530278
1646	23.454647764365923
1647	23.415628925802565
1648	23.628687232740127
1649	23.528187318391733
1650	23.305129589353356
1651	23.268386549761214
1652	23.40982589008193
1653	23.3882743488595
1654	23.3400409837228
1655	23.312515726034743
1656	23.49921794910032
1657	23.472180330374762
1658	23.649724509157785
1659	23.596530287067143
1660	23.18362610485842
1661	23.14783066658815
1662	23.393144026462064
1663	23.35284671192764
1664	23.375591609044132
1665	23.320804657359357
1666	23.229609601732303
1667	23.205618704283335
1668	23.103112749012872
1669	23.074523273558388
1670	23.556400916720815
1671	23.52205199916698
1672	23.674561860339193
1673	23.626891684387957
1674	23.837990282910305
1675	23.6826267024096
1676	23.512712936382197
1677	23.48709143281293
1678	23.333549963640653
1679	23.317222518076104
1680	23.518239366148727
1681	23.475424386062766
1682	23.37373121301422
1683	23.362207808898212
1684	23.468448676457047
1685	23.408562517396916
1686	23.137546070417248
1687	23.065827062707907
1688	23.404089736824986
1689	23.390137524113225
1690	23.288458736105717
1691	23.263730598873
1692	23.28963646386185
1693	23.240740782345544
1694	23.341815441025375
1695	23.332651160907293
1696	23.32081457641244
1697	23.2763580612611
1698	23.282281095316847
1699	23.268085666714864
1700	23.179474307541227
1701	23.14162037323622
1702	23.403485813960184
1703	23.35829578160967
1704	23.16745458124699
1705	23.136019586409812
1706	23.65933829465984
1707	23.60135375984884
1708	23.406237229351063
1709	23.368822462504696
1710	23.557823953546787
1711	23.53871129904012
1712	23.37111105122702
1713	23.335333177689275
1714	23.511690509652425
1715	23.48947011920203
1716	23.53102685192272
1717	23.438135260766767
1718	23.42875685280117
1719	23.365264264178112
1720	23.090147872068503
1721	23.064282576512383
1722	23.207592082953926
1723	23.13087154753978
1724	23.571809194353936
1725	23.492666323465563
1726	24.80056808955752
1727	24.77766940680747
1728	23.555661347035468
1729	23.535095910386094
1730	23.461565799877814
1731	23.450153490461553
1732	23.628842095275285
1733	23.589259890005515
1734	23.606832247625388
1735	23.543237665438753
1736	23.520428535053576
1737	23.496495550667422
1738	23.606217762859355
1739	23.587901245344483
1740	23.334919099349303
1741	23.288019631260294
1742	23.112718045776177
1743	23.074562208703245
1744	23.14976097578008
1745	23.1052927616939
1746	22.7524655318242
1747	22.732062160030374
1748	24.544533796520483
1749	24.5038340416816
1750	23.302434315452807
1751	23.249884448835264
1752	23.28358839160892
1753	23.218176599575372
1754	23.236196519270607
1755	23.196027011005455
1756	23.43133490672182
1757	23.37781555563932
1758	23.43259084080112
1759	23.395611247186963
1760	23.463385766343407
1761	23.413455490439336
1762	23.104803143514783
1763	23.086550392899998
1764	23.835618872550455
1765	23.73520231640611
1766	23.50206501969571
1767	23.46269543773937
1768	23.567125746921153
1769	23.531239872735892
1770	23.48631225075831
1771	23.451074510599437
1772	23.382545459760447
1773	23.349957735718537
1774	23.327480202750458
1775	23.288373508038013
1776	23.333435501956693
1777	23.26916036975854
1778	23.395289437712517
1779	23.331533118965606
1780	23.300917219984083
1781	23.252331591529266
1782	23.54788391140492
1783	23.512590218734154
1784	23.521316579517833
1785	23.48701484507526
1786	23.48331222977932
1787	23.41753169478133
1788	23.354830944235832
1789	23.3273233067543
1790	23.421933939199462
1791	23.396182150874324
1792	23.57754745634455
1793	23.56605227938507
1794	23.41499539835765
1795	23.394786426972466
1796	23.343963951630705
1797	23.31972029984456
1798	23.477057118949133
1799	23.404294416733205
1800	23.59908396484737
1801	23.580818625377812
1802	23.63208477325827
1803	23.596894180801936
1804	23.58264627972621
1805	23.54470265120723
1806	23.3975559897641
1807	23.341620733405662
1808	23.259147700775813
1809	23.23774043157959
1810	23.305421496674025
1811	23.254900889027862
1812	23.375949889994974
1813	23.310109770873765
1814	23.418375578964135
1815	23.3906582938341
1816	23.449708790481242
1817	23.39200606150348
1818	23.46426542088091
1819	23.440009119320603
1820	23.549711444243275
1821	23.408048937859558
1822	23.427763963961713
1823	23.393768797396955
1824	23.367750192300754
1825	23.311865087484684
1826	23.202674128112612
1827	23.159345394187593
1828	22.954041667989337
1829	22.88332551450662
1830	23.31769489665574
1831	23.28629626096265
1832	23.037304301032673
1833	23.013224402412288
1834	23.216997890446283
1835	23.168644485741364
1836	23.08833368258206
1837	23.034774955160024
1838	22.98716089261466
1839	22.9125604799149
1840	23.40555097880389
1841	23.360607311403278
1842	23.56689304784257
1843	23.50942328085094
1844	23.57839683877345
1845	23.53289183240411
1846	23.33402438045428
1847	23.280922532563995
1848	23.63407517890711
1849	23.581220156988643
1850	23.461719805886506
1851	23.39569792601737
1852	23.343450429557546
1853	23.30094173957486
1854	23.585224360956914
1855	23.547189020027396
1856	23.52168107354243
1857	23.47817475674537
1858	23.475331161754802
1859	23.40675067357543
1860	23.522683177253448
1861	23.50198420724337
1862	23.34943721579238
1863	23.30768218641153
1864	23.558631068360036
1865	23.484652248361577
1866	23.208397069222496
1867	23.184141873542917
1868	23.37391540387232
1869	23.31132059111285
1870	23.50573469629551
1871	23.42685127880374
1872	23.552821583669513
1873	23.537491030090436
1874	23.541297089865765
1875	23.52292475655268
1876	24.69656242375078
1877	24.621651009758647
1878	23.810793436324886
1879	23.685505418724023
1880	23.248142543242427
1881	23.202638688212257
1882	23.111111305274655
1883	23.072514426820494
1884	23.34040912051314
1885	23.30863260700357
1886	23.241667024755287
1887	23.169865597187474
1888	23.307440684247794
1889	23.268862802837504
1890	23.008927714964265
1891	22.996724368965115
1892	22.988631406322952
1893	22.950976629657795
1894	23.745010068450256
1895	23.63738674856259
1896	23.257947582571905
1897	23.18211462052928
1898	23.394535865207107
1899	23.378099307090935
1900	23.610368017861425
1901	23.56227374190119
1902	23.687317870070988
1903	23.665268470173334
1904	23.512548467917213
1905	23.491798676867575
1906	23.67234210233443
1907	23.637548222660545
1908	23.679275714566725
1909	23.608267265338817
1910	23.55095119550048
1911	23.505392725197357
1912	23.506133316243854
1913	23.446867423444647
1914	23.376534774539696
1915	23.327855522735582
1916	23.48772596555139
1917	23.456732181259
1918	23.115976497211665
1919	23.091796169294902
1920	23.37243512374274
1921	23.303454902898608
1922	23.379637529975334
1923	23.335301072339103
1924	23.657132265617605
1925	23.55359059150229
1926	23.547663963006794
1927	23.51730629081555
1928	24.76926534347913
1929	24.725955798090183
1930	23.368416904526875
1931	23.349831255902384
1932	23.640351462967956
1933	23.61434702157489
1934	23.59092854878046
1935	23.570699614268257
1936	23.60265454370403
1937	23.535376951953506
1938	23.528578935968138
1939	23.51726947187337
1940	23.61156678074449
1941	23.514266543577143
1942	23.639624200715584
1943	23.559571727176422
1944	23.432064552683606
1945	23.415435259996272
1946	23.366002217187653
1947	23.310822734241047
1948	24.798808054605608
1949	24.71156930824307
1950	23.278682813568025
1951	23.23962102372572
1952	23.460029960018097
1953	23.427507595850916
1954	23.283575872908145
1955	23.23862188908388
1956	23.281979741033577
1957	23.210695427229854
1958	23.16647594830005
1959	23.136896979044405
1960	23.368829937653373
1961	23.351004353357606
1962	23.142554963426832
1963	23.088307341454062
1964	23.34158799576424
1965	23.281282670917875
1966	23.467205409409317
1967	23.36964876924923
1968	23.449486613636903
1969	23.41020944883036
1970	23.584458142374334
1971	23.51588354643848
1972	23.724847121823668
1973	23.643961000305367
1974	23.559603994160074
1975	23.482824070463693
1976	23.484104916452512
1977	23.44878121866106
1978	23.53552035517798
1979	23.51086195500714
1980	23.4388245516679
1981	23.399714324881785
1982	23.431364959681154
1983	23.391906580168058
1984	23.49702754110677
1985	23.460456750985944
1986	23.466326986865766
1987	23.439412590349725
1988	23.51014111266927
1989	23.45289889315161
1990	23.63972995152647
1991	23.60780199266986
1992	23.485856886479983
1993	23.440794132982248
1994	23.37962527508451
1995	23.291462864473182
1996	23.153288076176867
1997	23.025154598193446
1998	23.104677841712352
1999	23.037226937113175
2000	23.007717834381193
